Date,Ticker,Oracle_Score,Decision,Sector,Value_35,Quality_30,Momentum_15,Impact_15,Sentiment_5,F_Score,DCF_Value,DCF_Upside,Graham_Value,Graham_Upside,Pledge_Pct,Holding_Change,Promoter_Adj,Price,SMA_50,SMA_200,RSI,MACD_Hist,BB_Width,Mom_1M,Alpha_6M,Vol_Ratio,DOL,DFL,Arb_Spread,Arb_Action,NSE_Price,BSE_Price,Deriv_Action,Strike,Option_Price,Delta,Leverage,ROI_Speed,Implied_Vol,Sentiment,Sent_Label,News_Count,Macro_Mult,Pre_Macro
2026-02-20,BSE.NS,100.0,STRONG BUY,Financials,0.0,9.0,8.1,,1.7,3.0,835.82,-69.5,429.57,-84.3,0.0,0.0,0,2739.5,2769.96,2571.63,51.7,-33.29,0.211,1.1,15.4,0.62,1.0,1.0,,Buy NSE,2739.5,,Skipped (arbitrage took priority),,,,0.0,0.0,,0.168,Slightly Bullish,5,1.1,
2026-02-20,GVT&D.NS,100.0,STRONG BUY,Others,0.0,15.0,11.6,,1.5,5.0,645.31,-82.3,277.0,-92.4,0.0,0.0,0,3648.6,3133.92,2765.32,65.5,3.88,0.37,37.7,31.6,0.62,1.71,1.02,,Buy NSE,3648.6,,Skipped (arbitrage took priority),,,,0.0,0.0,,0.148,Slightly Bullish,3,1.1,
2026-02-20,GRAVITA.NS,100.0,STRONG BUY,Materials,0.0,12.0,7.5,,5.0,4.0,,,,,0.0,0.0,0,1585.9,1704.48,1740.93,43.2,-0.13,0.138,4.6,-10.6,0.54,3.01,1.32,,Buy NSE,1585.9,,Skipped (arbitrage took priority),,,,0.0,0.0,,0.71,Strongly Bullish,1,1.1,
2026-02-20,CDSL.NS,100.0,STRONG BUY,Financials,0.0,9.0,9.2,,0.0,3.0,,,,,0.0,0.0,0,1320.4,1409.19,1538.25,60.8,1.77,0.105,-2.7,-17.9,0.56,-2.71,0.66,,Buy NSE,1320.4,,Skipped (arbitrage took priority),,,,0.0,0.0,,0.0,Neutral,4,1.1,
2026-02-20,CANBK.NS,89.5,STRONG BUY,Financials,35.0,15.0,14.5,15.0,1.9,5.0,313.31,103.2,,,0.0,0.0,0,154.15,150.54,126.92,64.2,0.66,0.101,-0.3,36.7,1.22,1.0,1.0,0.032,None,154.15,154.2,BUY CALL,157.0,1.11,0.321,138.9,44.59,25.3,0.187,Slightly Bullish,10,1.1,81.3
2026-02-20,MAHABANK.NS,86.9,STRONG BUY,Financials,35.0,12.0,14.4,15.0,2.6,4.0,130.23,89.3,90.73,31.9,0.0,0.0,0,68.79,62.65,56.86,77.9,0.16,0.103,4.6,24.3,0.83,1.0,1.0,0.015,None,68.79,68.8,BUY CALL,70.0,0.58,0.3413,118.6,40.48,27.1,0.262,Strongly Bullish,8,1.1,79.0
2026-02-20,BPCL.NS,86.4,STRONG BUY,Energy,35.0,15.0,12.8,15.0,0.8,5.0,877.63,139.6,533.63,45.7,0.0,0.0,0,366.3,361.36,328.07,49.7,-1.59,0.154,6.3,18.1,0.94,19.19,1.19,0.123,None,366.3,365.85,BUY CALL,374.0,2.2,0.2888,166.5,48.09,24.4,0.08,Slightly Bullish,10,1.1,78.6
2026-02-20,GICRE.NS,83.0,STRONG BUY,Financials,35.0,9.0,11.5,15.0,5.0,3.0,849.11,123.0,837.0,119.8,0.0,0.0,0,380.8,375.43,378.55,59.1,-0.34,0.09,0.6,0.1,0.57,1.0,1.0,0.066,None,380.8,381.05,BUY CALL,388.0,1.91,0.2812,199.4,56.07,21.1,0.623,Strongly Bullish,4,1.1,75.5
2026-02-20,BANKBARODA.NS,82.6,STRONG BUY,Financials,35.0,9.0,13.1,15.0,3.0,3.0,582.35,88.4,518.64,67.8,0.0,0.0,0,309.05,296.36,263.43,85.6,1.98,0.113,1.2,24.9,1.49,1.0,1.0,0.032,None,309.05,308.95,BUY CALL,315.0,2.33,0.3216,132.6,42.64,26.5,0.297,Strongly Bullish,4,1.1,75.1
2026-02-20,BANKINDIA.NS,81.8,STRONG BUY,Financials,35.0,9.0,14.4,15.0,1.0,3.0,333.73,94.4,303.55,76.8,0.0,0.0,0,171.7,154.4,130.55,75.0,0.18,0.12,3.2,46.0,0.59,1.0,1.0,0.058,None,171.7,171.8,BUY CALL,175.0,2.0,0.3648,85.8,31.3,34.5,0.099,Slightly Bullish,10,1.1,74.4
2026-02-20,AKZOINDIA.NS,81.2,STRONG BUY,Consumer,35.0,12.0,9.1,15.0,2.7,4.0,6646.78,117.6,2187.84,-28.4,0.0,0.0,0,3054.4,3086.3,3283.49,70.6,27.77,0.127,4.1,-12.2,0.58,-45.48,1.16,0.19,None,3054.4,3060.2,BUY CALL,3115.0,35.72,0.3624,85.5,30.99,35.1,0.269,Strongly Bullish,6,1.1,73.8
2026-02-20,MAHSEAMLES.NS,78.6,BUY,Others,35.0,9.0,10.5,15.0,2.0,3.0,970.44,82.2,831.5,56.1,0.0,0.0,0,532.55,537.95,615.17,61.4,0.68,0.092,2.9,-23.2,0.66,0.55,0.9,0.047,None,532.55,532.8,BUY CALL,543.0,2.58,0.2734,206.4,56.43,21.1,0.196,Slightly Bullish,3,1.1,71.4
2026-02-20,ACC.NS,75.8,BUY,Construction,24.8,18.0,6.2,15.0,5.0,6.0,2183.14,35.4,1833.32,13.7,0.0,0.0,0,1612.6,1710.3,1826.03,45.0,-3.64,0.068,-6.7,-14.9,0.54,-1.26,-0.58,0.04,None,1612.6,1613.25,BUY CALL,1645.0,6.79,0.2563,237.5,60.87,20.0,0.526,Strongly Bullish,2,1.1,68.9
2026-02-20,ELGIEQUIP.NS,65.2,BUY,Others,0.0,27.0,12.3,15.0,5.0,9.0,,,,,0.0,0.0,0,532.25,468.94,496.26,79.7,5.71,0.327,21.1,3.2,0.7,1.0,1.0,0.028,None,532.25,532.1,BUY CALL,543.0,7.85,0.3827,67.8,25.95,41.1,0.546,Strongly Bullish,2,1.1,59.3
2026-02-20,IDBI.NS,64.7,HOLD / NEUTRAL,Financials,12.9,15.0,13.7,15.0,2.2,5.0,133.68,18.5,112.35,-0.4,0.0,0.0,0,112.83,103.66,96.46,66.8,0.7,0.224,12.8,13.5,0.83,1.0,1.0,0.08,None,112.83,112.92,BUY CALL,115.0,1.71,0.3892,66.0,25.69,41.2,0.222,Slightly Bullish,10,1.1,58.8
2026-02-20,HINDPETRO.NS,64.3,HOLD / NEUTRAL,Energy,35.0,15.0,8.2,0.0,0.2,5.0,1119.51,159.8,,,0.0,0.0,0,430.9,456.65,427.64,32.2,-1.41,0.138,0.7,8.7,0.98,29.22,1.38,0.058,None,430.9,431.15,None (Neutral Sentiment),,,,0.0,0.0,31.1,0.025,Neutral,10,1.1,58.5
2026-02-20,PHOENIXLTD.NS,63.6,HOLD / NEUTRAL,Construction,0.0,27.0,13.2,15.0,2.6,9.0,,,,,0.0,0.0,0,1733.2,1796.76,1642.51,66.6,4.49,0.092,-2.0,9.0,0.6,1.11,0.96,0.156,None,1733.2,1735.9,BUY CALL,1768.0,8.08,0.267,214.5,57.27,21.0,0.262,Strongly Bullish,3,1.1,57.8
2026-02-20,MARUTI.NS,62.1,HOLD / NEUTRAL,Auto,0.0,27.0,13.2,15.0,1.3,9.0,7347.63,-50.9,5825.41,-61.1,0.0,0.0,0,14977.0,15886.14,14583.43,64.4,42.66,0.076,-5.0,2.8,1.12,-0.29,-0.94,0.07,None,14977.0,14987.55,BUY CALL,15277.0,60.29,0.252,248.4,62.6,19.5,0.129,Slightly Bullish,10,1.1,56.5
2026-02-20,KARURVYSYA.NS,60.1,HOLD / NEUTRAL,Financials,9.9,12.0,12.8,15.0,5.0,4.0,368.01,14.1,,,0.0,0.0,0,322.6,280.38,233.85,70.0,-0.76,0.198,22.4,47.9,0.32,1.0,1.0,0.139,None,322.6,323.05,BUY CALL,329.0,3.62,0.3583,89.1,31.92,34.1,0.672,Strongly Bullish,4,1.1,54.6
2026-02-20,TVSMOTOR.NS,58.5,HOLD / NEUTRAL,Auto,0.0,21.0,15.0,15.0,2.1,7.0,,,,,0.0,0.0,0,3816.2,3719.97,3310.29,67.4,6.75,0.107,6.9,14.2,0.54,0.84,1.51,0.018,None,3816.2,3816.9,BUY CALL,3893.0,18.37,0.2701,207.7,56.1,21.4,0.215,Slightly Bullish,10,1.1,53.1
2026-02-20,GAIL.NS,58.4,HOLD / NEUTRAL,Energy,14.0,12.0,10.4,15.0,1.7,4.0,202.11,20.0,198.4,17.8,0.0,0.0,0,168.47,162.82,172.55,81.6,0.9,0.094,6.2,-4.4,1.02,2660.37,1.06,0.0,None,,,BUY CALL,172.0,0.94,0.2811,179.2,50.37,23.5,0.17,Slightly Bullish,8,1.1,53.1
2026-02-20,APOLLOHOSP.NS,57.5,HOLD / NEUTRAL,Healthcare,0.0,19.0,13.6,15.0,4.6,6.0,1938.86,-74.5,1335.2,-82.5,2.3,0.3,1,7615.5,7155.21,7341.02,91.4,51.72,0.177,12.2,-5.9,0.56,1.33,1.47,0.058,None,7615.5,7611.1,BUY CALL,7768.0,27.74,0.2418,274.5,66.37,18.7,0.462,Strongly Bullish,10,1.1,52.3
2026-02-20,BHARTIHEXA.NS,56.6,HOLD / NEUTRAL,Telecom,0.0,21.0,10.5,15.0,5.0,7.0,1120.37,-33.6,325.85,-80.7,0.0,0.0,0,1688.1,1699.5,1755.57,65.1,8.74,0.143,3.9,-8.4,0.29,4.1,1.83,0.059,None,1688.1,1687.1,BUY CALL,1722.0,12.74,0.3173,132.5,42.04,27.0,0.61,Strongly Bullish,2,1.1,51.5
2026-02-20,CHOICEIN.NS,55.0,HOLD / NEUTRAL,Financials,0.0,15.0,15.0,15.0,5.0,5.0,,,,,0.0,0.0,0,805.25,791.94,767.26,66.4,4.94,0.091,2.8,0.3,1.08,1.83,1.06,0.087,None,805.25,805.95,BUY CALL,821.0,8.2,0.3503,98.2,34.4,31.9,0.546,Strongly Bullish,2,1.1,50.0
2026-02-20,BRITANNIA.NS,55.0,HOLD / NEUTRAL,Consumer,0.0,18.0,15.0,15.0,2.0,6.0,1551.25,-74.6,591.08,-90.3,0.0,0.0,0,6098.5,5976.31,5802.31,63.5,27.14,0.091,2.8,6.9,1.09,2.85,1.04,0.058,None,6098.5,6094.95,BUY CALL,6220.0,19.24,0.2277,317.0,72.18,17.5,0.201,Slightly Bullish,10,1.1,50.0
2026-02-20,NAVINFLUOR.NS,55.0,HOLD / NEUTRAL,Chemicals,0.0,15.0,15.0,15.0,5.0,5.0,,,,,0.0,0.0,0,6526.0,6062.75,5232.16,66.0,2.74,0.142,10.3,28.3,0.52,2.37,1.1,0.011,None,6526.0,6525.25,BUY CALL,6657.0,74.93,0.3596,87.1,31.32,34.8,0.511,Strongly Bullish,1,1.1,50.0
2026-02-20,RAMCOCEM.NS,55.0,HOLD / NEUTRAL,Construction,0.0,18.0,12.0,15.0,5.0,6.0,,,,,0.0,0.0,0,1113.7,1091.07,1057.75,50.3,-5.98,0.132,2.9,-2.2,0.32,12.76,1.67,0.121,None,1113.7,1112.35,BUY CALL,1136.0,5.4,0.2713,206.2,55.94,21.4,0.533,Strongly Bullish,3,1.1,50.0
2026-02-20,CHAMBLFERT.NS,54.7,HOLD / NEUTRAL,Chemicals,0.0,18.0,11.8,15.0,5.0,6.0,,,,,0.0,0.0,0,454.4,450.04,505.85,63.0,2.15,0.106,6.5,-20.4,0.43,0.08,6.62,0.011,None,454.4,454.35,BUY CALL,463.0,3.36,0.3213,135.2,43.44,26.0,0.572,Strongly Bullish,1,1.1,49.8
2026-02-20,JKCEMENT.NS,54.7,HOLD / NEUTRAL,Construction,0.0,18.0,11.8,15.0,5.0,6.0,,,,,0.0,0.0,0,5748.0,5681.63,6056.46,59.3,6.64,0.102,3.2,-21.5,0.71,0.97,0.94,0.062,None,5748.0,5744.45,BUY CALL,5863.0,64.03,0.3569,89.8,32.05,34.1,0.73,Strongly Bullish,2,1.1,49.8
2026-02-20,UPL.NS,54.4,HOLD / NEUTRAL,Chemicals,0.0,15.0,14.5,15.0,5.0,5.0,,,,,0.0,0.0,0,752.35,755.65,704.83,66.5,3.61,0.106,7.4,3.5,0.9,5.98,1.6,0.08,None,752.35,751.75,BUY CALL,767.0,6.78,0.3386,111.0,37.58,29.6,0.515,Strongly Bullish,2,1.1,49.5
2026-02-20,HINDALCO.NS,54.4,HOLD / NEUTRAL,Materials,13.2,9.0,11.5,15.0,0.7,3.0,1112.46,18.9,993.91,6.2,0.0,0.0,0,935.7,916.97,770.32,51.2,-7.4,0.143,-0.9,30.2,0.81,1.0,1.0,0.016,None,935.7,935.85,BUY CALL,954.0,8.85,0.3429,105.7,36.24,30.5,0.074,Slightly Bullish,10,1.1,49.4
2026-02-20,INDUSTOWER.NS,54.3,HOLD / NEUTRAL,Telecom,0.0,15.0,14.4,15.0,5.0,5.0,,,,,0.0,0.0,0,474.35,434.66,392.24,78.6,1.73,0.176,13.2,34.2,0.65,-5.17,1.21,0.095,None,474.35,473.9,BUY CALL,484.0,2.78,0.2895,170.6,49.39,23.7,0.67,Strongly Bullish,1,1.1,49.4
2026-02-20,POLYCAB.NS,54.2,HOLD / NEUTRAL,Others,0.0,18.0,12.3,15.0,4.0,6.0,,,,,0.0,0.0,0,7869.0,7459.43,7074.71,75.0,39.28,0.209,12.4,9.0,1.39,1.27,1.03,0.168,None,7869.0,7855.8,BUY CALL,8026.0,75.46,0.3424,104.3,35.71,31.0,0.397,Strongly Bullish,5,1.1,49.3
2026-02-20,JKTYRE.NS,53.5,HOLD / NEUTRAL,Auto,0.0,18.0,10.7,15.0,5.0,6.0,,,,,0.0,0.0,0,538.3,517.1,412.06,53.9,-2.89,0.22,3.5,61.3,1.12,3.55,2.31,0.046,None,538.3,538.05,BUY CALL,549.0,5.23,0.3441,102.9,35.41,31.2,0.617,Strongly Bullish,1,1.1,48.7
2026-02-20,SOBHA.NS,53.1,HOLD / NEUTRAL,Construction,0.0,15.0,15.0,15.0,3.2,5.0,,,,,0.0,0.0,0,1514.0,1478.62,1509.99,66.2,1.3,0.147,12.7,-1.5,0.57,1.41,6.1,0.125,None,1514.0,1515.9,BUY CALL,1544.0,18.01,0.3642,84.1,30.63,35.4,0.324,Strongly Bullish,4,1.1,48.2
2026-02-20,ANANDRATHI.NS,52.9,HOLD / NEUTRAL,Financials,0.0,15.0,13.1,15.0,5.0,5.0,682.57,-77.4,312.84,-89.6,0.0,0.0,0,3017.4,3017.11,2698.43,78.0,9.8,0.064,0.3,6.0,0.76,1.32,0.99,0.008,None,3017.4,3017.15,BUY CALL,3078.0,7.36,0.2016,410.0,82.66,15.8,0.759,Strongly Bullish,2,1.1,48.1
2026-02-20,GLAND.NS,52.8,HOLD / NEUTRAL,Healthcare,0.0,18.0,10.0,15.0,5.0,6.0,795.54,-56.3,818.94,-55.0,0.0,0.0,0,1821.7,1742.89,1805.93,36.7,-5.52,0.151,5.7,-8.4,0.06,0.88,1.65,0.038,None,1821.7,1821.0,BUY CALL,1858.0,12.76,0.3104,142.8,44.33,25.9,0.59,Strongly Bullish,6,1.1,48.0
2026-02-20,AJANTPHARM.NS,52.7,HOLD / NEUTRAL,Healthcare,0.0,15.0,14.4,15.0,3.5,5.0,1256.37,-57.3,793.95,-73.0,0.0,0.0,0,2939.4,2774.76,2604.65,71.3,7.58,0.13,8.2,8.7,0.5,0.94,1.16,0.088,None,2939.4,2936.8,BUY CALL,2998.0,15.89,0.2832,185.0,52.39,22.5,0.355,Strongly Bullish,6,1.1,47.9
2026-02-20,AEGISVOPAK.NS,52.7,HOLD / NEUTRAL,Energy,0.0,21.0,8.5,15.0,3.4,7.0,31.96,-84.8,34.81,-83.5,0.0,0.0,0,210.78,230.73,210.78,34.0,0.33,0.14,2.6,-18.4,0.42,1.87,2.04,0.175,None,210.78,211.15,BUY CALL,215.0,3.23,0.3869,65.3,25.26,42.1,0.34,Strongly Bullish,1,1.1,47.9
2026-02-20,SAILIFE.NS,52.7,HOLD / NEUTRAL,Healthcare,0.0,15.0,12.9,15.0,5.0,5.0,,,,,0.0,0.0,0,941.4,891.71,845.73,66.0,9.06,0.242,14.0,-0.3,0.35,1.74,1.52,0.032,None,941.4,941.1,BUY CALL,960.0,12.49,0.3748,75.4,28.26,38.0,0.612,Strongly Bullish,1,1.1,47.9
2026-02-20,APLAPOLLO.NS,52.5,HOLD / NEUTRAL,Others,0.0,15.0,12.8,15.0,5.0,5.0,636.3,-70.9,392.13,-82.1,0.0,0.0,0,2187.5,1994.32,1790.68,65.6,-9.71,0.156,10.7,30.7,0.37,9.58,1.13,0.057,None,2187.5,2186.25,BUY CALL,2231.0,11.65,0.282,187.8,52.96,22.3,0.71,Strongly Bullish,1,1.1,47.8
2026-02-20,CASTROLIND.NS,52.3,HOLD / NEUTRAL,Energy,0.0,18.0,10.5,15.0,4.1,6.0,,,,,0.0,0.0,0,187.74,186.7,199.94,58.0,0.3,0.035,0.9,-12.1,0.56,1.0,1.0,0.005,None,187.74,187.75,BUY CALL,191.0,0.48,0.2205,391.1,86.24,14.6,0.407,Strongly Bullish,10,1.1,47.5
2026-02-20,SAIL.NS,52.1,HOLD / NEUTRAL,Materials,0.0,18.0,12.8,15.0,1.6,6.0,,,,,0.0,0.0,0,158.75,147.51,134.09,66.0,-0.66,0.096,4.7,28.3,0.6,-6.71,1.2,0.031,None,158.75,158.8,BUY CALL,162.0,1.58,0.3436,100.5,34.53,32.1,0.163,Slightly Bullish,10,1.1,47.4
2026-02-20,ATHERENERG.NS,52.1,HOLD / NEUTRAL,Auto,0.0,18.0,12.3,15.0,2.0,6.0,,,,,0.0,0.0,0,708.8,678.72,528.42,72.6,3.58,0.291,12.2,68.3,0.63,1.09,0.87,0.014,None,708.8,708.9,BUY CALL,723.0,12.28,0.3979,57.7,22.96,45.9,0.205,Slightly Bullish,8,1.1,47.3
2026-02-20,TATACONSUM.NS,51.8,HOLD / NEUTRAL,Consumer,0.0,15.0,13.2,15.0,3.9,5.0,,,,,0.0,0.0,0,1156.2,1167.47,1129.27,61.5,2.09,0.061,-1.6,4.2,0.34,1.08,1.29,0.03,None,1156.2,1156.55,BUY CALL,1179.0,5.45,0.27,212.1,57.27,20.9,0.393,Strongly Bullish,6,1.1,47.1
2026-02-20,HSCL.NS,51.7,HOLD / NEUTRAL,Chemicals,0.0,15.0,15.0,15.0,2.0,5.0,216.54,-55.8,161.91,-66.9,0.0,0.0,0,489.7,468.57,468.07,70.4,3.58,0.09,6.7,0.3,2.08,-20.89,1.4,0.071,None,489.7,490.05,BUY CALL,499.0,4.05,0.3325,120.9,40.2,27.8,0.204,Slightly Bullish,3,1.1,47.0
2026-02-20,3MINDIA.NS,51.7,HOLD / NEUTRAL,Others,0.0,12.0,15.0,15.0,5.0,4.0,5196.1,-85.6,3286.21,-90.9,0.0,0.0,0,36145.0,35198.4,31753.3,58.7,50.9,0.155,6.6,14.9,0.41,1.12,-3.31,0.016,None,36145.0,36150.9,BUY CALL,36868.0,289.25,0.3237,125.0,40.46,27.9,0.749,Strongly Bullish,2,1.1,47.0
2026-02-20,CANFINHOME.NS,51.6,HOLD / NEUTRAL,Financials,19.5,15.0,10.2,2.3,0.0,5.0,1131.7,27.8,821.92,-7.2,0.0,0.0,0,885.7,915.38,821.84,43.0,-3.45,0.087,-2.9,12.0,0.59,1.0,1.0,0.304,Buy NSE,885.7,888.4,Skipped (arbitrage took priority),,,,0.0,0.0,,0.0,Neutral,2,1.1,46.9
2026-02-20,CHENNPETRO.NS,51.3,HOLD / NEUTRAL,Energy,0.0,18.0,12.8,15.0,0.9,6.0,,,,,0.0,0.0,0,883.65,863.18,782.49,54.3,-0.45,0.121,6.8,31.1,0.38,385.95,0.27,0.125,None,883.65,882.55,BUY CALL,901.0,14.24,0.3931,62.1,24.41,43.3,0.088,Slightly Bullish,5,1.1,46.6
2026-02-20,IOB.NS,51.2,HOLD / NEUTRAL,Financials,0.0,18.0,11.8,15.0,1.7,6.0,,,,,0.0,0.0,0,36.21,35.38,37.91,67.1,0.18,0.071,4.2,-7.8,1.11,1.0,1.0,0.055,None,36.21,36.23,BUY CALL,37.0,0.24,0.2957,150.9,44.62,26.3,0.174,Slightly Bullish,6,1.1,46.5
2026-02-20,CEATLTD.NS,51.1,HOLD / NEUTRAL,Auto,0.0,18.0,10.2,15.0,3.3,6.0,,,,,0.0,0.0,0,3793.8,3821.33,3671.75,53.6,-13.85,0.125,1.5,17.1,0.43,2.55,1.12,0.044,None,3793.8,3792.15,BUY CALL,3870.0,36.84,0.343,103.0,35.33,31.4,0.326,Strongly Bullish,4,1.1,46.4
2026-02-20,DRREDDY.NS,50.6,HOLD / NEUTRAL,Healthcare,0.0,15.0,13.6,15.0,2.4,5.0,,,,,0.0,0.0,0,1280.4,1243.98,1255.71,78.7,4.44,0.091,5.2,-1.8,1.24,-1.39,0.08,0.008,None,1280.4,1280.3,BUY CALL,1306.0,5.97,0.2674,214.5,57.36,20.9,0.236,Slightly Bullish,10,1.1,46.0
2026-02-20,APARINDS.NS,50.5,HOLD / NEUTRAL,Others,0.0,15.0,10.9,15.0,5.0,5.0,3749.52,-64.4,2567.5,-75.6,0.0,0.0,0,10519.0,8554.87,8461.53,82.8,125.21,0.465,45.8,25.8,1.6,0.95,1.17,0.061,None,10519.0,10512.6,BUY CALL,10729.0,208.51,0.4098,50.4,20.65,50.5,0.71,Strongly Bullish,1,1.1,45.9
2026-02-20,NETWEB.NS,50.3,HOLD / NEUTRAL,Technology,0.0,15.0,15.0,15.0,0.8,5.0,,,,,0.0,0.0,0,3636.5,3211.0,2785.72,72.4,51.64,0.192,15.8,74.2,3.33,1.0,1.0,0.073,None,3636.5,3639.15,BUY CALL,3709.0,57.24,0.3897,63.5,24.75,42.8,0.076,Slightly Bullish,5,1.1,45.8
2026-02-20,UNITDSPR.NS,50.3,HOLD / NEUTRAL,Consumer,0.0,15.0,11.2,15.0,4.5,5.0,,,,,0.0,0.0,0,1379.3,1380.8,1389.73,59.5,2.34,0.105,3.5,1.6,0.46,2.11,1.34,0.047,None,1379.3,1378.65,BUY CALL,1407.0,5.09,0.2428,271.0,65.8,18.8,0.45,Strongly Bullish,6,1.1,45.7
2026-02-20,TITAN.NS,50.3,HOLD / NEUTRAL,Consumer,0.0,12.0,15.0,15.0,3.7,4.0,,,,,0.0,0.0,0,4236.4,4082.8,3713.79,69.9,4.25,0.115,5.4,15.1,0.51,1.5,1.15,0.019,None,4236.4,4235.6,BUY CALL,4321.0,14.87,0.2382,284.9,67.86,18.3,0.374,Strongly Bullish,6,1.1,45.7
2026-02-20,ADANIENSOL.NS,50.2,HOLD / NEUTRAL,Energy,0.0,12.0,13.7,15.0,5.0,4.0,289.25,-71.0,285.49,-71.4,0.0,0.0,0,998.1,978.47,907.87,68.2,3.56,0.287,7.9,19.0,1.26,1.76,-0.68,0.0,None,,,BUY CALL,1018.0,15.98,0.3913,62.5,24.46,43.3,0.528,Strongly Bullish,5,1.1,45.7
2026-02-20,PVRINOX.NS,50.1,HOLD / NEUTRAL,Media,0.0,18.0,9.7,15.0,2.8,6.0,,,,,0.0,0.0,0,1036.25,1019.9,1048.98,60.5,2.47,0.202,8.2,-6.7,0.5,5.52,3.04,0.208,None,1036.25,1034.1,BUY CALL,1057.0,11.62,0.3575,89.2,31.89,34.3,0.284,Strongly Bullish,6,1.1,45.5
2026-02-20,KPIL.NS,50.0,HOLD / NEUTRAL,Construction,0.0,15.0,10.5,15.0,5.0,5.0,753.08,-33.7,669.82,-41.0,0.0,0.0,0,1135.6,1141.03,1186.5,52.2,3.3,0.057,2.8,-13.2,0.96,0.88,1.87,0.018,None,1135.6,1135.8,BUY CALL,1158.0,8.29,0.3158,137.0,43.26,26.3,0.511,Strongly Bullish,1,1.1,45.5
2026-02-20,IPCALAB.NS,49.7,HOLD / NEUTRAL,Healthcare,0.0,12.0,13.2,15.0,5.0,4.0,,,,,0.0,0.0,0,1449.8,1457.76,1403.22,51.8,1.4,0.07,-2.4,3.7,0.54,1.0,1.0,0.024,None,1449.8,1450.15,BUY CALL,1479.0,10.06,0.3082,144.1,44.41,25.8,0.71,Strongly Bullish,3,1.1,45.2
2026-02-20,USHAMART.NS,49.7,HOLD / NEUTRAL,Others,0.0,15.0,10.2,15.0,5.0,5.0,,,,,0.0,0.0,0,402.4,431.92,398.69,52.3,-0.47,0.09,-4.2,7.2,0.44,1.0,1.0,0.037,None,402.4,402.55,BUY CALL,410.0,4.12,0.3543,97.7,34.62,31.6,0.61,Strongly Bullish,2,1.1,45.2
2026-02-20,SUNPHARMA.NS,49.6,HOLD / NEUTRAL,Healthcare,0.0,14.0,14.4,15.0,1.7,5.0,,,,,1.2,-0.3,-1,1724.4,1701.58,1675.95,79.9,7.15,0.119,6.2,3.7,0.46,1.68,0.52,0.003,None,1724.4,1724.45,BUY CALL,1759.0,6.44,0.2441,267.8,65.37,18.9,0.17,Slightly Bullish,10,1.1,45.1
2026-02-20,LAURUSLABS.NS,49.6,HOLD / NEUTRAL,Healthcare,0.0,15.0,13.2,15.0,2.0,5.0,,,,,0.0,0.0,0,1019.0,1035.37,881.68,65.1,7.05,0.105,1.3,12.5,0.43,3.39,1.44,0.044,None,1019.0,1019.45,BUY CALL,1039.0,7.93,0.3228,128.5,41.48,27.2,0.195,Slightly Bullish,10,1.1,45.1
2026-02-20,JMFINANCIL.NS,49.5,HOLD / NEUTRAL,Financials,0.0,15.0,10.5,15.0,4.5,5.0,,,,,0.0,0.0,0,134.83,137.95,151.7,60.3,1.16,0.191,2.7,-30.3,0.64,1.0,1.0,0.015,None,134.83,134.85,BUY CALL,138.0,1.95,0.3674,69.1,25.39,42.8,0.454,Strongly Bullish,4,1.1,45.0
2026-02-20,ASTERDM.NS,49.4,HOLD / NEUTRAL,Healthcare,0.0,15.0,12.3,15.0,2.6,5.0,97.86,-84.5,112.69,-82.1,0.0,0.0,0,630.8,594.07,614.02,77.8,9.57,0.241,9.5,2.0,0.35,0.26,1.77,0.032,None,630.8,631.0,BUY CALL,643.0,5.61,0.3379,112.4,37.98,29.3,0.264,Strongly Bullish,5,1.1,44.9
2026-02-20,BBTC.NS,49.4,HOLD / NEUTRAL,Consumer,26.7,9.0,9.2,0.0,0.0,3.0,2455.47,38.2,1789.57,0.7,0.0,0.0,0,1776.8,1800.73,1870.8,63.6,5.41,0.095,0.7,-4.7,0.51,1.0,1.0,0.101,None,1776.8,1775.0,None (Neutral Sentiment),,,,0.0,0.0,26.2,0.0,Neutral,0,1.1,44.9
2026-02-20,BEL.NS,49.4,HOLD / NEUTRAL,Others,0.0,15.0,12.8,15.0,2.2,5.0,126.23,-71.4,73.47,-83.3,0.0,0.0,0,441.15,417.02,401.8,51.6,-0.72,0.093,5.7,15.8,0.47,0.83,0.93,0.0,None,441.15,441.15,BUY CALL,450.0,3.83,0.3317,115.2,38.21,29.3,0.22,Slightly Bullish,5,1.1,45.0
2026-02-20,NTPC.NS,49.3,HOLD / NEUTRAL,Energy,0.0,15.0,12.1,15.0,2.7,5.0,,,,,0.0,0.0,0,372.95,342.97,332.13,73.0,-0.1,0.117,9.7,10.9,1.53,5.07,0.39,0.027,None,372.95,373.05,BUY CALL,380.0,1.82,0.2783,204.9,57.02,20.8,0.269,Strongly Bullish,10,1.1,44.8
2026-02-20,CCL.NS,49.2,HOLD / NEUTRAL,Consumer,0.0,12.0,12.8,15.0,5.0,4.0,436.09,-56.1,314.92,-68.3,0.0,0.0,0,994.0,966.51,899.42,57.0,-0.81,0.126,6.9,8.3,1.17,0.95,1.08,0.015,None,994.0,993.85,BUY CALL,1014.0,9.76,0.3438,101.8,35.0,31.6,0.612,Strongly Bullish,1,1.1,44.8
2026-02-20,ICICIPRULI.NS,49.0,HOLD / NEUTRAL,Financials,0.0,12.0,13.2,15.0,4.4,4.0,146.28,-77.5,140.72,-78.4,0.0,0.0,0,651.3,654.69,629.0,57.4,0.72,0.049,-0.3,1.4,1.27,1.0,1.0,0.023,None,651.3,651.15,BUY CALL,664.0,2.51,0.2504,259.5,64.98,18.9,0.439,Strongly Bullish,8,1.1,44.6
2026-02-20,LUPIN.NS,48.8,HOLD / NEUTRAL,Healthcare,0.0,12.0,15.0,15.0,2.4,4.0,,,,,0.0,0.0,0,2219.4,2157.05,2016.75,67.1,1.65,0.068,2.6,11.0,0.64,2.55,0.81,0.014,None,2219.4,2219.7,BUY CALL,2264.0,6.26,0.2156,354.5,76.43,16.7,0.236,Slightly Bullish,10,1.1,44.4
2026-02-20,GRSE.NS,48.7,HOLD / NEUTRAL,Others,0.0,18.0,8.7,15.0,2.5,6.0,930.54,-62.4,521.25,-79.0,0.0,0.0,0,2477.3,2430.34,2607.95,41.1,-3.1,0.163,7.9,-5.4,0.81,1.01,1.06,0.04,None,2477.3,2476.3,BUY CALL,2527.0,38.76,0.3887,63.9,24.84,42.7,0.254,Strongly Bullish,3,1.1,44.3
2026-02-20,LICI.NS,48.7,HOLD / NEUTRAL,Financials,0.0,15.0,11.8,15.0,2.5,5.0,,,,,0.0,0.0,0,873.3,846.37,884.24,68.1,1.57,0.151,6.6,-4.6,0.31,1.0,1.0,0.029,None,873.3,873.05,BUY CALL,891.0,4.93,0.2861,177.1,50.67,23.2,0.251,Strongly Bullish,10,1.1,44.3
2026-02-20,SRF.NS,48.6,HOLD / NEUTRAL,Chemicals,0.0,18.0,6.2,15.0,5.0,6.0,,,,,0.0,0.0,0,2689.1,2939.75,2969.74,40.1,-18.68,0.138,-1.5,-9.6,1.18,4.2,2.1,0.043,None,2689.1,2687.95,BUY CALL,2743.0,22.6,0.3285,119.0,39.09,28.7,0.628,Strongly Bullish,4,1.1,44.2
2026-02-20,VBL.NS,48.6,HOLD / NEUTRAL,Consumer,0.0,15.0,9.2,15.0,5.0,5.0,,,,,0.0,0.0,0,453.85,475.73,475.11,42.5,1.01,0.091,-6.8,-14.3,0.4,1.0,1.0,0.011,None,453.85,453.9,BUY CALL,463.0,2.64,0.2899,171.9,49.83,23.5,0.538,Strongly Bullish,6,1.1,44.2
2026-02-20,NATCOPHARM.NS,48.4,HOLD / NEUTRAL,Healthcare,0.0,9.0,15.0,15.0,5.0,3.0,,,,,0.0,0.0,0,891.7,874.19,875.46,68.4,8.75,0.129,7.0,-0.5,0.24,1.0,1.0,0.101,None,891.7,890.8,BUY CALL,910.0,13.15,0.3813,67.8,25.85,41.3,0.515,Strongly Bullish,4,1.1,44.0
2026-02-20,SHREECEM.NS,48.3,HOLD / NEUTRAL,Construction,0.0,21.0,6.2,15.0,1.8,7.0,,,,,0.0,0.0,0,26510.0,26784.8,28765.03,46.1,-65.42,0.062,-3.4,-15.2,0.53,5.08,0.83,0.061,None,26510.0,26526.3,BUY CALL,27040.0,72.19,0.2127,367.2,78.1,16.4,0.177,Slightly Bullish,4,1.1,43.9
2026-02-20,CUMMINSIND.NS,48.3,HOLD / NEUTRAL,Others,0.0,12.0,12.3,15.0,4.6,4.0,,,,,0.0,0.0,0,4733.9,4283.78,3871.59,83.4,52.96,0.24,16.9,20.3,1.27,0.91,0.91,0.083,None,4733.9,4737.85,BUY CALL,4829.0,32.75,0.3082,144.5,44.53,25.8,0.46,Strongly Bullish,4,1.1,43.9
2026-02-20,HEG.NS,47.8,HOLD / NEUTRAL,Others,0.0,9.0,14.5,15.0,5.0,3.0,305.82,-45.0,327.93,-41.1,0.0,0.0,0,556.45,558.32,523.99,59.9,2.22,0.104,1.6,10.0,0.68,1.0,1.0,0.153,None,556.45,557.3,BUY CALL,568.0,8.15,0.3796,68.3,25.93,41.3,0.615,Strongly Bullish,2,1.1,43.5
2026-02-20,UNIONBANK.NS,47.7,HOLD / NEUTRAL,Financials,0.0,9.0,14.4,15.0,5.0,3.0,,,,,0.0,0.0,0,193.98,168.83,147.3,82.0,0.89,0.139,11.0,40.0,0.88,1.0,1.0,0.01,None,193.98,194.0,BUY CALL,198.0,1.73,0.3313,112.1,37.14,30.2,0.526,Strongly Bullish,4,1.1,43.4
2026-02-20,INDIANB.NS,47.7,HOLD / NEUTRAL,Financials,0.0,9.0,14.4,15.0,5.0,3.0,,,,,0.0,0.0,0,946.7,849.82,738.27,76.0,4.19,0.119,5.6,39.0,0.96,1.0,1.0,0.116,None,946.7,947.8,BUY CALL,966.0,11.8,0.3661,80.2,29.36,36.9,0.658,Strongly Bullish,5,1.1,43.4
2026-02-20,JYOTICNC.NS,47.5,HOLD / NEUTRAL,Others,5.0,9.0,9.2,15.0,5.0,3.0,241.09,-71.2,1401.15,67.4,0.0,0.0,0,837.25,897.75,986.64,62.5,6.13,0.117,0.6,-15.0,0.4,1.0,1.0,0.0,None,837.25,837.25,BUY CALL,854.0,12.25,0.3828,68.3,26.15,40.8,0.71,Strongly Bullish,2,1.1,43.2
2026-02-20,TORNTPHARM.NS,47.4,HOLD / NEUTRAL,Healthcare,0.0,12.0,14.4,15.0,1.7,4.0,,,,,0.0,0.0,0,4241.7,3936.02,3593.4,74.2,22.13,0.12,6.2,15.0,0.87,1.0,1.0,0.092,None,4241.7,4237.8,BUY CALL,4327.0,15.91,0.2443,266.6,65.13,19.0,0.17,Slightly Bullish,8,1.1,43.1
2026-02-20,ACMESOLAR.NS,47.0,HOLD / NEUTRAL,Energy,0.0,15.0,11.8,15.0,1.0,5.0,123.31,-46.8,119.46,-48.4,0.0,0.0,0,231.61,226.01,255.89,60.8,1.18,0.167,12.1,-21.4,0.54,1.4,0.86,0.0,None,,,BUY CALL,236.0,2.81,0.3703,82.4,30.51,35.3,0.096,Slightly Bullish,6,1.1,42.7
2026-02-20,AUROPHARMA.NS,47.0,HOLD / NEUTRAL,Healthcare,0.0,12.0,13.2,15.0,2.5,4.0,928.85,-19.8,903.22,-22.1,0.0,0.0,0,1158.8,1182.0,1142.71,48.2,0.04,0.101,1.2,8.7,0.46,0.74,0.92,0.082,None,1158.8,1159.75,BUY CALL,1182.0,9.81,0.3294,118.1,38.9,28.8,0.253,Strongly Bullish,10,1.1,42.7
2026-02-20,GESHIP.NS,46.9,HOLD / NEUTRAL,Others,0.0,12.0,10.7,15.0,5.0,4.0,,,,,0.0,0.0,0,1287.2,1161.57,1032.02,66.4,-3.53,0.24,16.4,31.0,0.82,1.0,1.0,0.12,None,1287.2,1285.65,BUY CALL,1313.0,8.22,0.3002,156.6,47.01,24.6,0.565,Strongly Bullish,3,1.1,42.7
2026-02-20,WAAREEENER.NS,46.9,HOLD / NEUTRAL,Others,0.0,18.0,6.6,15.0,3.0,6.0,,,,,0.0,0.0,0,2897.6,2862.24,3083.55,56.3,-19.25,0.247,9.7,-12.1,0.65,1.24,0.89,0.102,None,2897.6,2894.65,BUY CALL,2956.0,44.06,0.3857,65.8,25.38,42.0,0.297,Strongly Bullish,8,1.1,42.6
2026-02-20,GODIGIT.NS,46.7,HOLD / NEUTRAL,Financials,0.0,12.0,10.5,15.0,5.0,4.0,,,,,0.0,0.0,0,332.55,333.6,344.48,62.6,2.41,0.087,2.5,-10.5,0.1,1.0,1.0,0.105,None,332.55,332.2,BUY CALL,339.0,1.34,0.2558,248.2,63.49,19.2,0.623,Strongly Bullish,2,1.1,42.5
2026-02-20,IIFL.NS,46.7,HOLD / NEUTRAL,Financials,0.0,15.0,9.9,15.0,2.5,5.0,466.31,-6.3,452.63,-9.0,0.0,0.0,0,497.6,569.62,500.22,51.2,0.24,0.102,-7.0,7.0,1.04,1.0,1.0,0.181,None,497.6,496.7,BUY CALL,508.0,7.48,0.3814,66.5,25.36,42.1,0.252,Strongly Bullish,6,1.1,42.5
2026-02-20,BIOCON.NS,46.4,HOLD / NEUTRAL,Healthcare,0.0,9.0,15.0,15.0,3.1,3.0,57.73,-85.0,151.4,-60.6,0.0,0.0,0,383.95,380.28,368.73,68.9,2.04,0.065,2.9,5.2,1.17,1.0,1.0,0.0,None,383.95,383.95,BUY CALL,392.0,1.75,0.2602,219.4,57.09,21.3,0.315,Strongly Bullish,10,1.1,42.1
2026-02-20,IRFC.NS,46.4,HOLD / NEUTRAL,Financials,0.0,18.0,4.2,15.0,5.0,6.0,,,,,0.0,0.0,0,111.88,118.33,125.41,37.5,-0.18,0.091,-4.4,-12.1,0.8,-1.04,2.09,0.018,None,111.88,111.9,BUY CALL,114.0,1.29,0.3651,86.7,31.65,34.1,0.575,Strongly Bullish,2,1.1,42.2
2026-02-20,AARTIIND.NS,46.4,HOLD / NEUTRAL,Chemicals,0.0,12.0,10.2,15.0,5.0,4.0,161.23,-64.2,191.65,-57.5,0.0,0.0,0,450.65,390.15,407.69,72.8,0.17,0.43,30.1,15.9,0.25,2.72,1.63,0.1,None,450.65,451.1,BUY CALL,460.0,6.88,0.3835,65.5,25.12,42.5,0.71,Strongly Bullish,2,1.1,42.2
2026-02-20,POWERINDIA.NS,46.4,HOLD / NEUTRAL,Others,0.0,12.0,10.2,15.0,5.0,4.0,2920.09,-87.8,2094.71,-91.2,0.0,0.0,0,23871.0,19216.32,19149.31,79.2,268.92,0.467,41.7,16.7,1.16,5.43,1.13,0.009,None,23871.0,23873.1,BUY CALL,24348.0,473.17,0.4097,50.4,20.65,50.5,0.553,Strongly Bullish,3,1.1,42.2
2026-02-20,SAGILITY.NS,46.4,HOLD / NEUTRAL,Technology,0.0,18.0,4.2,15.0,5.0,6.0,,,,,0.0,0.0,0,44.83,50.38,46.32,32.1,-0.38,0.178,-14.5,-3.5,1.06,1.39,1.37,0.045,None,44.83,44.81,BUY CALL,46.0,0.28,0.2701,160.1,43.24,27.9,0.677,Strongly Bullish,3,1.1,42.2
2026-02-20,TATACOMM.NS,46.2,HOLD / NEUTRAL,Telecom,0.0,12.0,12.0,15.0,3.1,4.0,,,,,0.0,0.0,0,1686.7,1705.41,1716.04,66.5,15.05,0.15,9.0,4.1,1.77,0.25,5.51,0.198,None,1686.7,1690.05,BUY CALL,1720.0,13.26,0.3233,127.2,41.12,27.5,0.306,Strongly Bullish,10,1.1,42.0
2026-02-20,SCHAEFFLER.NS,46.2,HOLD / NEUTRAL,Auto,0.0,12.0,11.8,15.0,3.3,4.0,,,,,0.0,0.0,0,3888.9,3791.06,3968.72,62.5,9.88,0.123,9.1,-5.2,1.06,1.44,0.98,0.039,None,3888.9,3890.4,BUY CALL,3967.0,26.67,0.3074,145.8,44.82,25.6,0.327,Strongly Bullish,5,1.1,42.0
2026-02-20,JBCHEPHARM.NS,46.0,HOLD / NEUTRAL,Healthcare,0.0,9.0,14.4,15.0,3.4,3.0,,,,,0.0,0.0,0,2000.3,1859.76,1735.02,73.3,11.88,0.124,5.9,14.5,0.93,1.0,1.0,0.047,None,2000.3,2001.25,BUY CALL,2040.0,8.71,0.2611,229.7,59.97,20.2,0.345,Strongly Bullish,2,1.1,41.8
2026-02-20,CHALET.NS,45.9,HOLD / NEUTRAL,Consumer,0.0,12.0,10.5,15.0,4.3,4.0,,,,,0.0,0.0,0,863.85,867.81,913.15,52.3,0.81,0.098,2.8,-17.6,0.7,1.09,4.83,0.052,None,863.85,863.4,BUY CALL,881.0,6.17,0.3128,140.0,43.79,26.1,0.426,Strongly Bullish,4,1.1,41.7
2026-02-20,DIVISLAB.NS,45.8,HOLD / NEUTRAL,Healthcare,0.0,12.0,12.5,15.0,2.1,4.0,,,,,0.0,0.0,0,6291.0,6288.38,6375.04,62.4,29.81,0.073,3.6,2.3,0.8,1.22,0.89,0.015,None,6291.0,6291.95,BUY CALL,6417.0,36.29,0.2896,173.4,50.22,23.3,0.214,Slightly Bullish,8,1.1,41.7
2026-02-20,VTL.NS,45.6,HOLD / NEUTRAL,Textiles,0.0,12.0,13.7,15.0,0.8,4.0,,,,,0.0,0.0,0,536.45,450.08,447.69,69.3,4.63,0.347,28.9,26.7,0.82,-41.37,0.84,0.037,None,536.45,536.65,BUY CALL,547.0,7.8,0.3837,68.8,26.4,40.4,0.077,Slightly Bullish,1,1.1,41.4
2026-02-20,YESBANK.NS,45.6,HOLD / NEUTRAL,Financials,0.0,12.0,9.9,15.0,4.5,4.0,,,,,0.0,0.0,0,21.04,21.77,21.18,46.8,0.0,0.041,-2.7,6.2,0.57,1.0,1.0,0.0,None,21.04,21.04,BUY CALL,21.0,0.31,0.5461,67.9,37.08,23.9,0.453,Strongly Bullish,10,1.1,41.5
2026-02-20,BHARTIARTL.NS,45.5,HOLD / NEUTRAL,Telecom,0.0,10.0,13.2,15.0,3.2,3.0,825.01,-58.3,482.58,-75.6,0.0,0.2,1,1977.4,2042.48,1970.92,52.3,0.83,0.051,-1.2,0.4,0.76,0.19,-6.96,0.015,None,1977.4,1977.7,BUY CALL,2017.0,3.88,0.1816,509.6,92.54,14.5,0.316,Strongly Bullish,10,1.1,41.3
2026-02-20,CGCL.NS,45.4,HOLD / NEUTRAL,Financials,0.0,12.0,10.5,15.0,3.8,4.0,,,,,0.0,0.0,0,173.02,177.89,181.01,55.6,0.29,0.083,2.6,-9.9,0.57,1.59,1.5,0.017,None,173.02,173.05,BUY CALL,176.0,1.27,0.33,136.2,44.95,24.8,0.383,Strongly Bullish,3,1.1,41.3
2026-02-20,AKUMS.NS,45.4,HOLD / NEUTRAL,Healthcare,0.0,12.0,11.8,15.0,2.5,4.0,321.54,-32.8,310.84,-35.0,0.0,0.0,0,478.35,445.57,485.18,68.3,3.11,0.183,13.8,-2.3,0.46,1.0,1.0,0.084,None,478.35,478.75,BUY CALL,488.0,3.16,0.3029,151.4,45.86,25.2,0.255,Strongly Bullish,2,1.1,41.3
2026-02-20,KEI.NS,45.4,HOLD / NEUTRAL,Others,0.0,9.0,12.3,15.0,5.0,3.0,1392.84,-70.7,1148.13,-75.9,0.0,0.0,0,4756.0,4323.86,4008.74,83.3,30.18,0.281,23.7,18.4,1.37,1.75,1.0,0.013,None,4756.0,4756.6,BUY CALL,4851.0,48.12,0.3476,98.8,34.34,32.1,0.71,Strongly Bullish,1,1.1,41.3
2026-02-20,JSWSTEEL.NS,45.4,HOLD / NEUTRAL,Materials,0.0,12.0,12.8,15.0,1.5,5.0,,,,,12.4,-0.5,-3,1235.8,1177.43,1103.59,63.5,-2.99,0.064,4.3,13.2,0.55,2.63,3.45,0.044,None,1235.8,1236.35,BUY CALL,1261.0,8.1,0.3011,152.6,45.95,25.2,0.153,Slightly Bullish,10,1.1,41.3
2026-02-20,ASTRAL.NS,45.4,HOLD / NEUTRAL,Others,0.0,9.0,12.3,15.0,5.0,3.0,289.62,-82.3,243.89,-85.1,0.0,0.0,0,1636.6,1469.41,1452.25,79.5,11.52,0.217,15.8,13.2,1.08,0.49,1.27,0.034,None,1636.6,1636.05,BUY CALL,1669.0,13.23,0.3259,123.7,40.31,28.0,0.71,Strongly Bullish,2,1.1,41.3
2026-02-20,ICICIGI.NS,45.3,HOLD / NEUTRAL,Financials,0.0,9.0,13.6,15.0,3.6,3.0,849.33,-56.1,651.97,-66.3,0.0,0.0,0,1936.1,1907.59,1924.45,74.0,10.43,0.11,6.1,-3.3,0.61,1.0,1.0,0.078,None,1936.1,1934.6,BUY CALL,1975.0,4.17,0.1898,464.3,88.12,15.0,0.358,Strongly Bullish,6,1.1,41.2
2026-02-20,LT.NS,45.3,HOLD / NEUTRAL,Construction,0.0,10.0,15.0,15.0,1.2,3.0,,,,,0.0,0.1,1,4380.6,4039.97,3785.69,86.9,32.48,0.179,15.5,19.2,1.19,1.61,0.3,0.008,None,4380.6,4380.25,BUY CALL,4468.0,15.34,0.2381,285.6,68.0,18.3,0.122,Slightly Bullish,10,1.1,41.2
2026-02-20,INDIAMART.NS,45.3,HOLD / NEUTRAL,Consumer,0.0,15.0,6.2,15.0,5.0,5.0,,,,,0.0,0.0,0,2185.7,2208.85,2399.01,45.8,-6.28,0.064,-1.2,-19.9,0.51,0.56,0.71,0.062,None,2185.7,2184.35,BUY CALL,2229.0,18.73,0.3317,116.7,38.71,28.9,0.71,Strongly Bullish,1,1.1,41.2
2026-02-20,TBOTEK.NS,45.3,HOLD / NEUTRAL,Consumer,0.0,15.0,6.2,15.0,5.0,5.0,,,,,0.0,0.0,0,1358.4,1543.46,1477.87,46.2,-7.34,0.165,-6.9,-8.8,0.5,0.34,0.51,0.015,None,1358.4,1358.2,BUY CALL,1386.0,13.76,0.3461,98.7,34.16,32.3,0.71,Strongly Bullish,3,1.1,41.2
2026-02-20,ONGC.NS,45.3,HOLD / NEUTRAL,Energy,0.0,9.0,14.4,15.0,2.8,3.0,,,,,0.0,0.0,0,278.65,244.38,234.91,77.7,0.7,0.15,16.9,21.2,1.39,1.0,1.0,0.018,None,278.65,278.7,BUY CALL,284.0,2.59,0.343,107.6,36.91,30.0,0.275,Strongly Bullish,10,1.1,41.1
2026-02-20,ESCORTS.NS,45.3,HOLD / NEUTRAL,Others,0.0,15.0,6.2,15.0,5.0,5.0,,,,,0.0,0.0,0,3417.8,3638.71,3530.2,45.8,-16.28,0.154,-3.3,-6.0,0.46,1.87,0.08,0.222,None,3417.8,3425.4,BUY CALL,3486.0,28.17,0.327,121.3,39.67,28.4,0.61,Strongly Bullish,5,1.1,41.2
2026-02-20,MOTHERSON.NS,45.1,HOLD / NEUTRAL,Auto,0.0,9.0,12.3,15.0,4.7,3.0,,,,,0.0,0.0,0,129.42,119.82,107.12,71.1,0.71,0.286,16.2,30.1,0.51,1.0,1.0,0.054,None,129.42,129.35,BUY CALL,132.0,1.19,0.3384,108.8,36.82,30.3,0.473,Strongly Bullish,5,1.1,41.0
2026-02-20,NLCINDIA.NS,45.1,HOLD / NEUTRAL,Energy,0.0,9.0,15.0,15.0,2.0,3.0,,,,,0.0,0.0,0,264.95,252.74,243.62,64.9,0.47,0.102,6.4,12.0,1.14,-0.37,6.69,0.038,None,264.95,264.85,BUY CALL,270.0,2.93,0.361,90.4,32.63,33.3,0.197,Slightly Bullish,5,1.1,41.0
2026-02-20,BALKRISIND.NS,45.0,HOLD / NEUTRAL,Auto,0.0,12.0,10.7,15.0,3.2,4.0,1050.16,-57.9,908.32,-63.6,0.0,0.0,0,2494.8,2436.74,2438.58,64.4,-18.24,0.215,3.0,1.6,0.22,-6.87,0.98,0.0,None,,,BUY CALL,2545.0,25.92,0.3495,96.2,33.62,32.7,0.323,Strongly Bullish,3,1.1,40.9
2026-02-20,COLPAL.NS,45.0,HOLD / NEUTRAL,Consumer,0.0,12.0,10.5,15.0,3.4,4.0,,,,,0.0,0.0,0,2197.9,2121.93,2257.29,61.0,4.7,0.053,0.8,-7.6,1.01,3.32,1.05,0.118,None,2197.9,2195.3,BUY CALL,2242.0,8.73,0.2505,251.8,63.08,19.4,0.34,Strongly Bullish,3,1.1,40.9
2026-02-20,PREMIERENE.NS,44.9,HOLD / NEUTRAL,Others,0.0,12.0,10.5,15.0,3.4,4.0,,,,,0.0,0.0,0,768.75,793.49,971.86,58.1,2.2,0.193,3.9,-26.9,0.76,2.81,1.21,0.0,None,768.75,768.75,BUY CALL,784.0,10.94,0.381,70.3,26.78,39.9,0.337,Strongly Bullish,5,1.1,40.8
2026-02-20,LICHSGFIN.NS,44.9,HOLD / NEUTRAL,Financials,0.0,12.0,9.2,15.0,4.7,4.0,,,,,0.0,0.0,0,524.55,525.62,564.54,69.9,1.51,0.06,1.4,-9.7,1.05,1.0,1.0,0.048,None,524.55,524.8,BUY CALL,535.0,2.87,0.2847,182.8,52.04,22.7,0.468,Strongly Bullish,5,1.1,40.9
2026-02-20,BHEL.NS,44.9,HOLD / NEUTRAL,Others,0.0,12.0,11.5,15.0,2.4,4.0,36.18,-85.9,60.7,-76.4,0.0,0.0,0,257.3,270.94,253.75,49.3,-0.36,0.127,2.3,15.7,0.59,7.52,3.1,0.058,None,257.3,257.15,BUY CALL,262.0,3.48,0.3835,73.9,28.34,37.5,0.238,Slightly Bullish,6,1.1,40.8
2026-02-20,FINPIPE.NS,44.8,HOLD / NEUTRAL,Others,0.0,9.0,11.8,15.0,5.0,3.0,125.7,-33.8,132.16,-30.4,0.0,0.0,0,189.89,175.47,193.41,68.5,1.1,0.167,8.4,-7.0,1.26,1.0,1.0,0.153,None,189.89,189.6,BUY CALL,194.0,1.0,0.2721,189.9,51.67,23.2,0.546,Strongly Bullish,2,1.1,40.8
2026-02-20,HOMEFIRST.NS,44.8,HOLD / NEUTRAL,Financials,0.0,12.0,8.7,15.0,5.0,4.0,736.63,-36.5,654.73,-43.6,0.0,0.0,0,1160.0,1132.08,1219.02,58.2,-3.21,0.1,10.6,-11.4,0.1,1.59,1.08,0.224,None,1160.0,1157.4,BUY CALL,1183.0,16.4,0.3804,70.7,26.89,39.7,0.612,Strongly Bullish,1,1.1,40.7
2026-02-20,VEDL.NS,44.8,HOLD / NEUTRAL,Materials,0.0,12.0,11.5,15.0,2.3,4.0,,,,,0.0,0.0,0,682.45,642.93,501.09,56.3,-4.75,0.15,0.6,56.3,0.39,-0.07,8.95,0.015,None,682.45,682.35,BUY CALL,696.0,9.14,0.3753,74.7,28.03,38.3,0.231,Slightly Bullish,10,1.1,40.8
2026-02-20,FORTIS.NS,44.7,HOLD / NEUTRAL,Healthcare,0.0,9.0,13.6,15.0,3.0,3.0,196.7,-78.6,188.75,-79.5,0.0,0.0,0,921.0,887.41,882.77,76.4,5.47,0.151,9.5,-4.9,0.86,1.0,1.0,0.092,None,921.0,920.15,BUY CALL,939.0,6.06,0.3059,152.0,46.5,24.7,0.299,Strongly Bullish,10,1.1,40.6
2026-02-20,RRKABEL.NS,44.6,HOLD / NEUTRAL,Others,0.0,9.0,13.2,15.0,3.4,3.0,,,,,0.0,0.0,0,1442.8,1445.94,1346.42,65.4,2.58,0.133,1.3,16.8,0.64,2.34,1.04,0.003,None,1442.8,1442.85,BUY CALL,1472.0,12.22,0.3284,118.1,38.78,29.0,0.335,Strongly Bullish,6,1.1,40.5
2026-02-20,ABB.NS,44.6,HOLD / NEUTRAL,Others,0.0,9.0,13.0,15.0,3.5,3.0,1287.76,-78.5,833.58,-86.1,0.0,0.0,0,5987.0,5301.63,5400.06,73.0,8.65,0.267,25.9,14.4,7.32,-0.68,0.81,0.028,None,5987.0,5985.35,BUY CALL,6107.0,62.34,0.3501,96.0,33.61,32.7,0.35,Strongly Bullish,6,1.1,40.5
2026-02-20,ENGINERSIN.NS,44.5,HOLD / NEUTRAL,Construction,0.0,12.0,10.2,15.0,3.3,4.0,,,,,0.0,0.0,0,214.9,192.2,203.43,74.1,5.05,0.431,21.9,9.7,0.26,1.0,1.0,0.07,None,214.9,215.05,BUY CALL,219.0,4.06,0.4093,52.9,21.65,48.1,0.33,Strongly Bullish,6,1.1,40.5
2026-02-20,OBEROIRLTY.NS,44.4,HOLD / NEUTRAL,Construction,0.0,12.0,10.5,15.0,2.9,4.0,,,,,0.0,0.0,0,1523.2,1601.95,1682.26,59.3,2.61,0.098,3.0,-10.1,0.98,0.75,1.11,0.007,None,1523.2,1523.3,BUY CALL,1554.0,11.68,0.3183,130.4,41.51,27.4,0.287,Strongly Bullish,3,1.1,40.3
2026-02-20,MFSL.NS,44.3,HOLD / NEUTRAL,Financials,0.0,9.0,13.0,15.0,3.2,3.0,63.5,-96.6,,,0.0,0.0,0,1849.3,1694.37,1600.13,83.4,14.24,0.227,13.6,9.4,1.53,1.0,1.0,0.019,None,1849.3,1848.95,BUY CALL,1886.0,9.56,0.2791,193.4,53.98,22.0,0.32,Strongly Bullish,5,1.1,40.2
2026-02-20,BLUEDART.NS,44.3,HOLD / NEUTRAL,Others,0.0,12.0,8.7,15.0,4.5,4.0,1654.13,-70.7,1287.32,-77.2,0.0,0.0,0,5648.0,5532.38,5971.45,59.3,-12.16,0.131,6.0,-5.6,0.3,-0.12,-5.56,0.117,None,5648.0,5641.4,BUY CALL,5761.0,22.95,0.2531,246.1,62.29,19.6,0.453,Strongly Bullish,4,1.1,40.3
2026-02-20,AIAENG.NS,44.1,HOLD / NEUTRAL,Others,0.0,9.0,13.5,15.0,2.5,3.0,1926.62,-51.2,1486.18,-62.4,0.0,0.0,0,3949.0,3919.23,3465.29,46.6,-6.53,0.094,5.1,26.1,2.13,1.0,1.0,0.071,None,3949.0,3946.2,BUY CALL,4028.0,39.35,0.3459,100.4,34.73,31.8,0.255,Strongly Bullish,2,1.1,40.1
2026-02-20,CARBORUNIV.NS,44.1,HOLD / NEUTRAL,Others,0.0,9.0,11.1,15.0,5.0,3.0,,,,,0.0,0.0,0,843.55,827.46,906.49,71.2,5.43,0.126,3.7,-16.7,2.53,2.36,-0.02,0.018,None,843.55,843.7,BUY CALL,860.0,9.2,0.3573,91.7,32.76,33.3,0.61,Strongly Bullish,2,1.1,40.1
2026-02-20,JIOFIN.NS,44.1,HOLD / NEUTRAL,Financials,0.0,15.0,9.2,15.0,0.9,5.0,39.08,-84.9,110.18,-57.4,0.0,0.0,0,258.6,279.26,299.29,66.0,0.59,0.11,-1.5,-23.3,0.83,0.35,-0.07,0.0,None,258.6,258.6,BUY CALL,264.0,1.98,0.3145,130.6,41.07,27.7,0.094,Slightly Bullish,10,1.1,40.1
2026-02-20,SUPREMEIND.NS,44.1,HOLD / NEUTRAL,Others,0.0,9.0,11.1,15.0,5.0,3.0,,,,,0.0,0.0,0,3918.3,3534.24,3964.61,71.4,16.85,0.173,12.3,-16.2,1.63,-2.39,1.23,0.109,None,3918.3,3914.05,BUY CALL,3997.0,27.38,0.3093,143.1,44.26,25.9,0.735,Strongly Bullish,1,1.1,40.1
2026-02-20,JINDALSAW.NS,44.0,HOLD / NEUTRAL,Others,5.0,9.0,7.5,15.0,3.5,3.0,,,274.2,51.3,0.0,0.0,0,181.28,174.37,197.05,53.9,-1.54,0.137,-3.6,-13.7,0.72,3.53,1.13,0.072,None,181.28,181.15,BUY CALL,185.0,3.14,0.3958,57.7,22.84,46.2,0.355,Strongly Bullish,2,1.1,40.0
2026-02-20,CENTRALBK.NS,43.9,HOLD / NEUTRAL,Financials,0.0,9.0,15.0,15.0,0.9,3.0,,,,,0.0,0.0,0,38.31,37.17,37.17,67.0,0.13,0.075,3.5,4.4,0.83,1.0,1.0,0.026,None,38.31,38.3,BUY CALL,39.0,0.21,0.2951,182.4,53.83,21.5,0.088,Slightly Bullish,5,1.1,39.9
2026-02-20,TATASTEEL.NS,43.9,HOLD / NEUTRAL,Materials,0.0,9.0,14.4,15.0,1.5,3.0,,,,,3.1,0.0,0,208.36,187.08,169.78,72.2,0.03,0.141,10.2,26.9,0.74,1.0,1.0,0.053,None,208.36,208.25,BUY CALL,213.0,1.56,0.3057,133.6,40.84,28.3,0.154,Slightly Bullish,10,1.1,39.9
2026-02-20,TORNTPOWER.NS,43.8,HOLD / NEUTRAL,Energy,0.0,9.0,13.0,15.0,2.8,3.0,,,,,0.0,0.0,0,1528.6,1347.56,1328.61,77.0,10.79,0.217,16.9,17.5,1.63,1.0,1.0,0.02,None,1528.6,1528.9,BUY CALL,1559.0,14.11,0.3388,108.3,36.69,30.3,0.275,Strongly Bullish,8,1.1,39.8
2026-02-20,POLICYBZR.NS,43.8,HOLD / NEUTRAL,Financials,0.0,12.0,9.2,15.0,3.6,4.0,,,,,0.0,0.0,0,1513.6,1693.51,1770.64,45.4,4.2,0.181,-11.7,-23.3,0.87,2.55,1.2,0.02,None,1513.6,1513.3,BUY CALL,1544.0,19.76,0.3718,76.6,28.48,37.8,0.361,Strongly Bullish,6,1.1,39.8
2026-02-20,SAMMAANCAP.NS,43.8,HOLD / NEUTRAL,Financials,0.0,9.0,15.0,15.0,0.8,3.0,,,,,0.0,0.0,0,154.04,145.16,142.02,62.4,0.72,0.104,10.1,23.0,1.47,-20.52,0.45,0.091,None,154.04,153.9,BUY CALL,157.0,1.39,0.3399,110.8,37.66,29.4,0.08,Slightly Bullish,5,1.1,39.8
2026-02-20,AIIL.NS,43.7,HOLD / NEUTRAL,Financials,21.6,9.0,9.2,0.0,0.0,3.0,661.95,30.8,429.69,-15.1,0.0,0.0,0,506.0,556.67,554.1,48.2,2.78,0.076,-8.8,-13.6,0.46,1.0,1.0,0.02,None,506.0,505.9,None (Neutral Sentiment),,,,0.0,0.0,44.6,0.0,Neutral,1,1.1,39.7
2026-02-20,COCHINSHIP.NS,43.6,HOLD / NEUTRAL,Others,0.0,12.0,10.5,15.0,2.2,4.0,,,,,0.0,0.0,0,1517.6,1552.38,1756.32,52.3,4.17,0.128,1.5,-12.7,0.73,1.0,1.0,0.003,None,1517.6,1517.55,BUY CALL,1548.0,17.69,0.3612,85.8,30.99,35.1,0.216,Slightly Bullish,3,1.1,39.6
2026-02-20,SBIN.NS,43.6,HOLD / NEUTRAL,Financials,0.0,9.0,12.3,15.0,3.3,3.0,,,,,0.0,0.0,0,1216.1,1048.31,900.39,90.4,7.32,0.256,16.0,45.2,0.62,1.0,1.0,0.004,None,1216.1,1216.15,BUY CALL,1240.0,7.6,0.3,160.0,48.0,24.1,0.333,Strongly Bullish,10,1.1,39.6
2026-02-20,TIINDIA.NS,43.5,HOLD / NEUTRAL,Auto,0.0,9.0,11.8,15.0,3.8,3.0,,,,,0.0,0.0,0,2585.8,2473.82,2878.35,63.2,23.0,0.198,12.7,-18.5,1.0,0.36,-2.55,0.081,None,2585.8,2587.9,BUY CALL,2638.0,35.27,0.3755,73.3,27.52,39.0,0.383,Strongly Bullish,4,1.1,39.6
2026-02-20,SOLARINDS.NS,43.5,HOLD / NEUTRAL,Chemicals,0.0,12.0,8.7,15.0,3.8,4.0,,,,,0.0,0.0,0,13296.0,12844.1,14230.49,51.8,-22.56,0.09,3.1,-10.1,0.79,1.0,1.0,0.129,None,13296.0,13278.9,BUY CALL,13562.0,159.35,0.364,83.4,30.36,35.7,0.382,Strongly Bullish,1,1.1,39.6
2026-02-20,KIRLOSBROS.NS,43.5,HOLD / NEUTRAL,Others,0.0,12.0,11.8,15.0,0.8,4.0,,,,,0.0,0.0,0,1599.2,1595.95,1836.69,60.2,5.04,0.133,5.8,-21.6,0.15,14.0,0.37,0.072,None,1599.2,1598.05,BUY CALL,1631.0,17.62,0.3564,90.8,32.36,33.8,0.077,Slightly Bullish,1,1.1,39.5
2026-02-20,ADANIPORTS.NS,43.4,HOLD / NEUTRAL,Others,0.0,12.0,10.7,15.0,1.8,4.0,838.81,-44.5,634.65,-58.0,0.0,0.0,0,1511.5,1476.71,1431.07,65.8,-0.68,0.217,6.9,8.9,0.35,0.86,1.05,0.003,None,1511.5,1511.45,BUY CALL,1542.0,14.18,0.3391,106.6,36.15,30.8,0.179,Slightly Bullish,10,1.1,39.4
2026-02-20,ZEEL.NS,43.4,HOLD / NEUTRAL,Media,0.0,12.0,8.3,15.0,4.2,4.0,,,,,0.0,0.0,0,90.7,89.67,110.25,71.3,0.55,0.255,6.6,-23.0,0.92,-4.95,1.19,0.066,None,90.7,90.76,BUY CALL,93.0,0.79,0.3077,114.8,35.32,32.6,0.421,Strongly Bullish,3,1.1,39.5
2026-02-20,NIACL.NS,43.4,HOLD / NEUTRAL,Financials,0.0,9.0,10.5,15.0,5.0,3.0,,,,,0.0,0.0,0,149.85,152.47,176.52,55.7,0.26,0.105,2.3,-26.0,0.53,1.0,1.0,0.033,None,149.85,149.8,BUY CALL,153.0,1.04,0.3036,144.1,43.75,26.3,0.576,Strongly Bullish,4,1.1,39.5
2026-02-20,MEDANTA.NS,43.4,HOLD / NEUTRAL,Healthcare,0.0,9.0,10.5,15.0,5.0,3.0,,,,,0.0,0.0,0,1130.0,1143.94,1245.35,47.7,4.9,0.169,6.2,-20.7,1.17,1.0,1.0,0.022,None,1130.0,1130.25,BUY CALL,1153.0,10.74,0.3395,105.2,35.72,31.1,0.546,Strongly Bullish,2,1.1,39.5
2026-02-20,EICHERMOT.NS,43.4,HOLD / NEUTRAL,Auto,0.0,9.0,12.3,15.0,3.1,3.0,,,,,0.0,0.0,0,7936.5,7368.61,6471.8,81.0,63.32,0.225,12.6,30.7,0.45,1.0,1.0,0.011,None,7936.5,7937.35,BUY CALL,8095.0,42.14,0.2812,188.3,52.95,22.3,0.313,Strongly Bullish,9,1.1,39.4
2026-02-20,AADHARHFC.NS,43.4,HOLD / NEUTRAL,Financials,0.0,9.0,10.5,15.0,5.0,3.0,367.28,-23.4,289.18,-39.7,0.0,0.0,0,479.35,479.54,485.31,52.8,0.84,0.054,2.0,-9.4,0.89,1.0,1.0,0.01,None,479.35,479.4,BUY CALL,489.0,1.87,0.2485,256.3,63.69,19.3,0.71,Strongly Bullish,3,1.1,39.5
2026-02-20,CHOLAHLDNG.NS,43.4,HOLD / NEUTRAL,Financials,0.0,9.0,10.5,15.0,5.0,3.0,,,,,0.0,0.0,0,1684.6,1776.78,1880.7,54.2,6.61,0.121,2.4,-12.7,0.22,1.0,1.0,0.024,None,1684.6,1684.2,BUY CALL,1718.0,15.56,0.3392,108.3,36.74,30.3,0.511,Strongly Bullish,3,1.1,39.5
2026-02-20,HAVELLS.NS,43.3,HOLD / NEUTRAL,Consumer,0.0,9.0,10.4,15.0,5.0,3.0,366.36,-74.1,271.79,-80.8,0.0,0.0,0,1412.9,1392.67,1483.95,81.7,10.35,0.166,8.0,-10.9,0.8,0.93,1.26,0.046,None,1412.9,1412.25,BUY CALL,1441.0,7.92,0.2874,178.4,51.27,22.9,0.586,Strongly Bullish,6,1.1,39.4
2026-02-20,NCC.NS,43.2,HOLD / NEUTRAL,Construction,0.0,12.0,7.5,15.0,4.8,4.0,,,,,0.0,0.0,0,149.07,153.21,196.94,52.4,-0.04,0.13,1.9,-33.9,0.88,1.13,1.67,0.047,None,149.07,149.0,BUY CALL,152.0,1.26,0.3313,118.3,39.19,28.6,0.483,Strongly Bullish,3,1.1,39.3
2026-02-20,ARE&M.NS,42.8,HOLD / NEUTRAL,Auto,0.0,12.0,9.2,15.0,2.7,4.0,628.07,-26.6,621.34,-27.4,0.0,0.0,0,856.25,886.91,958.1,58.2,0.56,0.127,0.2,-14.9,0.83,-5.33,0.93,0.093,None,856.25,855.45,BUY CALL,873.0,5.79,0.3086,147.9,45.64,25.1,0.273,Strongly Bullish,1,1.1,38.9
2026-02-20,NAM-INDIA.NS,42.8,HOLD / NEUTRAL,Financials,0.0,9.0,13.7,15.0,1.2,3.0,,,,,0.0,0.0,0,957.05,888.61,829.33,65.1,4.0,0.216,13.6,10.0,0.56,0.71,1.11,0.016,None,957.05,956.9,BUY CALL,976.0,13.08,0.3774,73.2,27.63,38.8,0.12,Slightly Bullish,3,1.1,38.9
2026-02-20,HINDZINC.NS,42.8,HOLD / NEUTRAL,Materials,0.0,12.0,8.1,15.0,3.9,4.0,432.14,-26.7,142.71,-75.8,0.0,0.0,0,589.35,623.31,499.14,43.6,-7.22,0.291,-11.8,34.7,0.28,1.74,1.11,0.042,None,589.35,589.6,BUY CALL,601.0,10.94,0.4049,53.9,21.82,48.0,0.387,Strongly Bullish,10,1.1,38.9
2026-02-20,FLUOROCHEM.NS,42.7,HOLD / NEUTRAL,Chemicals,0.0,12.0,8.3,15.0,3.5,4.0,,,,,0.0,0.0,0,3425.7,3421.68,3552.85,72.9,17.72,0.22,5.4,-0.9,0.26,1.0,1.0,0.102,None,3425.7,3422.2,BUY CALL,3494.0,30.18,0.3339,113.5,37.9,29.5,0.355,Strongly Bullish,2,1.1,38.8
2026-02-20,GRASIM.NS,42.5,HOLD / NEUTRAL,Construction,0.0,9.0,12.0,15.0,2.6,3.0,,,,,0.0,0.0,0,2832.8,2832.2,2777.65,56.2,-4.1,0.077,1.6,-3.8,0.89,1.25,0.94,0.046,None,2832.8,2834.1,BUY CALL,2889.0,9.34,0.2326,303.3,70.55,17.8,0.261,Strongly Bullish,10,1.1,38.6
2026-02-20,CUB.NS,42.3,HOLD / NEUTRAL,Financials,0.0,9.0,10.2,15.0,4.3,3.0,,,,,0.0,0.0,0,281.7,283.88,234.06,47.0,-1.18,0.099,-0.5,28.2,0.76,1.0,1.0,0.035,None,281.7,281.8,BUY CALL,287.0,3.7,0.3782,76.1,28.78,37.1,0.431,Strongly Bullish,3,1.1,38.5
2026-02-20,MCX.NS,42.3,HOLD / NEUTRAL,Financials,0.0,9.0,12.8,15.0,1.7,3.0,,,,,0.0,0.0,0,2395.9,2293.95,1810.2,54.1,-17.96,0.172,3.5,49.0,0.58,1.0,1.0,0.019,None,2395.9,2396.35,BUY CALL,2444.0,41.88,0.3985,57.2,22.79,46.2,0.17,Slightly Bullish,2,1.1,38.5
2026-02-20,ABFRL.NS,42.3,HOLD / NEUTRAL,Consumer,0.0,12.0,8.4,15.0,3.1,4.0,,,,,0.0,0.0,0,69.85,72.33,87.74,61.1,0.36,0.226,9.7,-9.7,0.33,-28.77,0.43,0.014,None,69.85,69.84,BUY CALL,71.0,1.06,0.4023,65.9,26.51,39.3,0.311,Strongly Bullish,6,1.1,38.5
2026-02-20,NAVA.NS,42.3,HOLD / NEUTRAL,Energy,0.0,9.0,9.5,15.0,5.0,3.0,,,,,0.0,0.0,0,567.3,564.87,579.16,56.0,-0.18,0.089,3.1,-17.6,1.56,1.0,1.0,0.035,None,567.3,567.1,BUY CALL,579.0,6.36,0.3546,89.2,31.63,34.6,0.583,Strongly Bullish,2,1.1,38.5
2026-02-20,HFCL.NS,42.2,HOLD / NEUTRAL,Telecom,0.0,9.0,9.7,15.0,4.7,3.0,5.24,-92.7,15.22,-78.7,0.0,0.0,0,71.31,66.87,75.08,64.5,0.18,0.211,14.3,-4.0,0.72,10.25,1.31,0.042,None,71.31,71.34,BUY CALL,73.0,0.98,0.362,72.8,26.35,41.7,0.468,Strongly Bullish,2,1.1,38.3
2026-02-20,PIDILITIND.NS,42.0,HOLD / NEUTRAL,Chemicals,0.0,9.0,9.2,15.0,5.0,3.0,,,,,0.0,0.0,0,1464.9,1469.6,1493.64,65.5,0.62,0.069,0.8,-6.9,0.62,1.03,1.0,0.051,None,1464.9,1464.15,BUY CALL,1494.0,3.66,0.2049,400.2,82.0,15.8,0.572,Strongly Bullish,4,1.1,38.2
2026-02-20,IDFCFIRSTB.NS,42.0,HOLD / NEUTRAL,Financials,0.0,9.0,10.2,15.0,4.1,3.0,28.35,-66.1,47.66,-42.9,0.0,0.0,0,83.51,83.88,75.74,58.6,-0.03,0.057,-0.8,17.1,0.5,1.0,1.0,0.06,None,83.51,83.56,BUY CALL,85.0,0.44,0.2924,189.8,55.5,21.0,0.405,Strongly Bullish,8,1.1,38.2
2026-02-20,INDHOTEL.NS,41.9,HOLD / NEUTRAL,Consumer,0.0,12.0,10.5,15.0,0.7,4.0,,,,,0.0,0.0,0,674.95,700.31,737.59,54.7,0.12,0.109,2.8,-17.2,0.58,0.75,0.57,0.096,None,674.95,674.3,BUY CALL,688.0,3.3,0.276,204.5,56.44,21.1,0.065,Slightly Bullish,10,1.1,38.1
2026-02-20,HINDUNILVR.NS,41.9,HOLD / NEUTRAL,Consumer,0.0,15.0,6.2,15.0,1.9,5.0,955.57,-58.7,448.35,-80.6,0.0,0.0,0,2314.5,2349.58,2418.52,44.7,-12.44,0.088,-3.2,-14.0,1.03,-3.4,-5.47,0.022,None,2314.5,2315.0,BUY CALL,2361.0,10.37,0.2628,223.2,58.66,20.6,0.192,Slightly Bullish,10,1.1,38.1
2026-02-20,CERA.NS,41.9,HOLD / NEUTRAL,Consumer,0.0,12.0,9.2,15.0,1.9,4.0,,,,,0.0,0.0,0,5095.4,5160.51,6006.55,53.8,4.66,0.088,1.3,-23.7,0.62,1.0,1.0,0.272,None,5095.4,5081.55,BUY CALL,5197.0,25.28,0.2743,201.6,55.3,21.6,0.191,Slightly Bullish,2,1.1,38.1
2026-02-20,BERGEPAINT.NS,41.8,HOLD / NEUTRAL,Consumer,0.0,12.0,7.2,15.0,3.8,4.0,139.87,-69.3,104.51,-77.1,0.0,0.0,0,455.45,505.56,540.85,39.0,0.98,0.111,-10.3,-16.2,0.55,-15.0,0.95,0.11,None,455.45,454.95,BUY CALL,465.0,1.91,0.2512,238.5,59.91,20.4,0.376,Strongly Bullish,3,1.1,38.0
2026-02-20,REDINGTON.NS,41.8,HOLD / NEUTRAL,Others,0.0,15.0,5.0,15.0,3.1,5.0,,,,,0.0,0.0,0,251.45,269.34,273.01,36.5,-1.46,0.134,-3.1,1.7,0.62,0.6,1.64,0.02,None,251.45,251.4,BUY CALL,256.0,2.39,0.351,105.2,36.93,29.7,0.306,Strongly Bullish,2,1.1,38.0
2026-02-20,ENDURANCE.NS,41.8,HOLD / NEUTRAL,Auto,0.0,9.0,10.5,15.0,3.5,3.0,,,,,0.0,0.0,0,2465.2,2526.68,2635.41,54.6,3.09,0.111,2.4,-16.1,0.57,1.0,1.0,0.116,None,2465.2,2462.35,BUY CALL,2515.0,16.2,0.3023,152.2,46.01,25.1,0.355,Strongly Bullish,2,1.1,38.0
2026-02-20,PGEL.NS,41.8,HOLD / NEUTRAL,Consumer,0.0,9.0,9.0,15.0,5.0,3.0,,,,,0.0,0.0,0,614.2,581.47,636.68,70.9,3.38,0.261,15.8,7.8,0.37,1.0,1.0,0.065,None,614.2,613.8,BUY CALL,626.0,8.42,0.3803,72.9,27.72,38.5,0.71,Strongly Bullish,1,1.1,38.0
2026-02-20,NESTLEIND.NS,41.7,HOLD / NEUTRAL,Consumer,0.0,9.0,11.5,15.0,2.5,3.0,,,,,0.0,0.0,0,1293.8,1282.85,1218.04,47.0,-2.37,0.035,-0.4,8.2,0.73,0.2,3.6,0.039,None,1293.8,1293.3,BUY CALL,1320.0,3.52,0.2113,367.6,77.67,16.6,0.246,Slightly Bullish,8,1.1,37.9
2026-02-20,BHARATFORG.NS,41.6,HOLD / NEUTRAL,Auto,0.0,9.0,12.3,15.0,1.5,3.0,365.38,-79.5,322.2,-81.9,0.0,0.0,0,1780.0,1502.78,1317.0,87.2,17.66,0.335,24.5,51.7,1.22,1.0,1.0,0.025,None,1780.0,1780.45,BUY CALL,1816.0,12.19,0.3065,146.0,44.75,25.7,0.153,Slightly Bullish,3,1.1,37.8
2026-02-20,TRENT.NS,41.6,HOLD / NEUTRAL,Consumer,0.0,9.0,10.4,15.0,3.4,3.0,,,,,0.0,0.0,0,4091.0,4062.95,4867.67,71.2,9.16,0.19,7.6,-27.0,0.36,1.0,1.0,0.055,None,4091.0,4088.75,BUY CALL,4173.0,37.28,0.3368,109.7,36.95,30.2,0.344,Strongly Bullish,10,1.1,37.8
2026-02-20,ZYDUSLIFE.NS,41.6,HOLD / NEUTRAL,Healthcare,0.0,9.0,10.5,15.0,3.3,3.0,,,,,0.0,0.0,0,900.75,903.83,949.29,55.7,1.1,0.053,1.7,-10.7,0.72,1.09,0.65,0.028,None,900.75,901.0,BUY CALL,919.0,3.34,0.2423,269.7,65.35,18.9,0.334,Strongly Bullish,9,1.1,37.8
2026-02-20,INDGN.NS,41.5,HOLD / NEUTRAL,Healthcare,0.0,9.0,10.5,15.0,3.3,3.0,,,,,0.0,0.0,0,485.05,502.33,546.9,47.2,2.4,0.083,2.1,-17.4,0.28,-0.06,-1.21,0.052,None,485.05,484.8,BUY CALL,495.0,2.43,0.2723,199.6,54.35,22.0,0.327,Strongly Bullish,5,1.1,37.7
2026-02-20,GILLETTE.NS,41.5,HOLD / NEUTRAL,Consumer,0.0,9.0,8.7,15.0,5.0,3.0,2533.65,-70.0,1145.66,-86.4,0.0,0.0,0,8444.5,8149.9,9136.76,47.4,-25.72,0.162,7.1,-19.0,0.19,1.0,1.0,0.007,None,8444.5,8445.05,BUY CALL,8613.0,71.84,0.3303,117.5,38.81,28.9,0.515,Strongly Bullish,2,1.1,37.7
2026-02-20,TECHM.NS,41.4,HOLD / NEUTRAL,Technology,0.0,18.0,2.1,15.0,2.5,6.0,,,,,0.0,0.0,0,1456.9,1619.48,1534.83,10.8,-23.37,0.25,-13.7,-5.3,0.67,0.74,0.74,0.017,None,1456.9,1457.15,BUY CALL,1486.0,10.27,0.3108,141.9,44.1,26.0,0.251,Strongly Bullish,10,1.1,37.6
2026-02-20,VOLTAS.NS,41.4,HOLD / NEUTRAL,Consumer,0.0,9.0,12.3,15.0,1.4,3.0,,,,,0.0,0.0,0,1546.9,1418.82,1362.02,80.7,10.23,0.239,19.6,11.4,1.12,1.0,1.0,0.107,None,1546.9,1545.25,BUY CALL,1578.0,12.84,0.327,120.5,39.4,28.6,0.137,Slightly Bullish,8,1.1,37.7
2026-02-20,NH.NS,41.3,HOLD / NEUTRAL,Healthcare,0.0,9.0,10.5,15.0,3.1,3.0,,,,,0.0,0.0,0,1827.0,1844.91,1844.74,60.0,10.39,0.109,2.9,-3.2,0.72,1.0,1.0,0.03,None,1827.0,1827.55,BUY CALL,1864.0,12.23,0.304,149.4,45.42,25.4,0.306,Strongly Bullish,2,1.1,37.5
2026-02-20,DALBHARAT.NS,41.3,HOLD / NEUTRAL,Construction,0.0,12.0,6.2,15.0,4.4,4.0,,,,,0.0,0.0,0,2070.0,2113.73,2155.22,50.9,-8.99,0.082,-3.4,-13.8,0.79,5.04,1.1,0.143,None,2070.0,2067.05,BUY CALL,2111.0,13.17,0.301,157.2,47.32,24.4,0.441,Strongly Bullish,3,1.1,37.6
2026-02-20,PFC.NS,41.2,HOLD / NEUTRAL,Financials,0.0,9.0,12.8,15.0,0.7,3.0,,,,,0.0,0.0,0,410.1,371.67,386.31,65.4,-0.37,0.191,13.6,2.4,0.71,1.0,1.0,0.012,None,410.1,410.05,BUY CALL,418.0,3.6,0.3369,113.9,38.37,29.0,0.067,Slightly Bullish,5,1.1,37.4
2026-02-20,VGUARD.NS,41.2,HOLD / NEUTRAL,Consumer,0.0,12.0,5.5,15.0,5.0,4.0,,,,,0.0,0.0,0,315.4,326.42,358.89,31.5,-2.14,0.141,1.9,-17.3,0.53,-0.7,0.19,0.111,None,315.4,315.75,BUY CALL,322.0,2.19,0.3044,144.0,43.83,26.3,0.625,Strongly Bullish,1,1.1,37.5
2026-02-20,RECLTD.NS,41.1,HOLD / NEUTRAL,Financials,0.0,12.0,6.2,15.0,4.2,4.0,,,,,0.0,0.0,0,354.2,357.56,367.99,47.1,-1.02,0.099,-2.1,-6.7,0.21,1.0,1.0,0.028,None,354.2,354.3,BUY CALL,361.0,2.71,0.3233,130.7,42.26,26.7,0.421,Strongly Bullish,1,1.1,37.4
2026-02-20,EIHOTEL.NS,41.1,HOLD / NEUTRAL,Consumer,0.0,9.0,9.2,15.0,4.2,3.0,,,,,0.0,0.0,0,326.6,346.01,370.91,51.3,0.36,0.138,-1.2,-20.9,0.04,1.0,1.0,0.046,None,326.6,326.45,BUY CALL,333.0,1.62,0.276,201.6,55.64,21.4,0.418,Strongly Bullish,3,1.1,37.4
2026-02-20,POWERGRID.NS,41.1,HOLD / NEUTRAL,Energy,0.0,9.0,12.3,15.0,1.1,3.0,,,,,0.0,0.0,0,298.95,268.2,276.68,77.0,1.16,0.257,16.6,6.2,0.62,-0.29,-0.71,0.0,None,,,BUY CALL,305.0,1.76,0.2908,169.9,49.41,23.7,0.109,Slightly Bullish,8,1.1,37.4
2026-02-20,UBL.NS,41.0,HOLD / NEUTRAL,Consumer,0.0,9.0,8.3,15.0,5.0,3.0,,,,,0.0,0.0,0,1602.6,1559.3,1802.37,73.3,11.28,0.203,11.0,-17.4,0.22,-25.16,3.97,0.053,None,1602.6,1601.75,BUY CALL,1635.0,7.6,0.268,210.9,56.52,21.2,0.582,Strongly Bullish,6,1.1,37.3
2026-02-20,EMCURE.NS,41.0,HOLD / NEUTRAL,Healthcare,0.0,9.0,9.4,15.0,3.8,3.0,,,,,0.0,0.0,0,1437.9,1469.22,1370.26,45.5,-9.35,0.093,-7.7,-4.3,0.52,1.0,1.0,0.045,None,1437.9,1438.55,BUY CALL,1467.0,12.87,0.334,111.7,37.31,30.0,0.383,Strongly Bullish,3,1.1,37.3
2026-02-20,ONESOURCE.NS,40.9,HOLD / NEUTRAL,Healthcare,0.0,12.0,7.1,15.0,3.1,4.0,,,,,0.0,0.0,0,1269.7,1517.76,1767.22,60.2,32.01,0.263,-17.9,-33.1,0.73,1.0,1.0,0.252,None,1269.7,1266.5,BUY CALL,1295.0,30.47,0.4256,41.7,17.75,58.2,0.306,Strongly Bullish,2,1.1,37.1
2026-02-20,PCBL.NS,40.9,HOLD / NEUTRAL,Chemicals,0.0,9.0,9.7,15.0,3.5,3.0,,,,,0.0,0.0,0,305.6,292.36,355.48,61.2,2.78,0.281,9.9,-21.1,0.12,11.55,1.64,0.18,None,305.6,306.15,BUY CALL,312.0,5.86,0.4033,52.2,21.05,50.0,0.355,Strongly Bullish,2,1.1,37.2
2026-02-20,NTPCGREEN.NS,40.8,HOLD / NEUTRAL,Energy,0.0,12.0,7.8,15.0,2.3,4.0,,,,,0.0,0.0,0,90.29,90.89,100.15,76.2,0.4,0.093,-1.0,-14.9,0.52,0.19,0.12,0.033,None,90.29,90.26,BUY CALL,92.0,0.55,0.3014,164.2,49.49,23.4,0.233,Slightly Bullish,4,1.1,37.1
2026-02-20,MSUMI.NS,40.7,HOLD / NEUTRAL,Auto,0.0,9.0,9.2,15.0,3.8,3.0,,,,,0.0,0.0,0,42.93,45.35,43.67,45.8,0.07,0.076,-2.3,-1.6,0.6,0.38,0.94,0.0,None,42.93,42.93,BUY CALL,44.0,0.35,0.3037,122.7,37.26,31.3,0.378,Strongly Bullish,4,1.1,37.0
2026-02-20,RADICO.NS,40.5,HOLD / NEUTRAL,Consumer,0.0,12.0,9.2,15.0,0.6,4.0,,,,,0.0,0.0,0,2706.2,2982.41,2892.22,45.4,6.64,0.095,-9.4,-6.6,0.42,1.99,1.2,0.013,None,2706.2,2705.85,BUY CALL,2760.0,34.68,0.371,78.0,28.94,37.2,0.062,Slightly Bullish,8,1.1,36.8
2026-02-20,CROMPTON.NS,40.5,HOLD / NEUTRAL,Consumer,0.0,9.0,8.3,15.0,4.5,3.0,,,,,0.0,0.0,0,265.43,250.82,298.86,79.7,2.53,0.321,15.6,-19.4,0.45,-6.2,1.04,0.026,None,265.43,265.5,BUY CALL,271.0,2.16,0.3206,122.9,39.4,28.8,0.45,Strongly Bullish,4,1.1,36.8
2026-02-20,SONACOMS.NS,40.4,HOLD / NEUTRAL,Auto,0.0,9.0,12.8,15.0,0.0,3.0,,,,,0.0,0.0,0,532.1,490.13,476.85,65.6,-0.02,0.171,13.8,18.5,0.69,0.22,1.36,0.028,None,532.1,531.95,BUY PUT,521.0,3.97,-0.2852,134.0,38.22,29.7,-0.137,Slightly Bearish,2,1.1,36.8
2026-02-20,ZENTEC.NS,40.1,HOLD / NEUTRAL,Others,0.0,9.0,7.5,15.0,5.0,3.0,,,,,0.0,0.0,0,1322.2,1338.1,1544.81,41.1,-1.04,0.087,1.6,-9.1,1.01,-0.72,1.34,0.019,None,1322.2,1321.95,BUY CALL,1349.0,12.08,0.3359,109.5,36.78,30.3,0.71,Strongly Bullish,1,1.1,36.5
2026-02-20,AEGISLOG.NS,40.1,HOLD / NEUTRAL,Energy,0.0,9.0,7.5,15.0,5.0,3.0,339.16,-51.1,289.13,-58.3,0.0,0.0,0,693.05,713.39,753.88,45.7,-0.4,0.105,5.3,-8.1,0.42,1.0,1.0,0.072,None,693.05,693.55,BUY CALL,707.0,5.6,0.3242,123.8,40.14,28.2,0.575,Strongly Bullish,2,1.1,36.5
2026-02-20,BAJAJHFL.NS,39.8,HOLD / NEUTRAL,Financials,0.0,12.0,4.2,15.0,5.0,4.0,46.03,-47.7,41.17,-53.3,0.0,0.0,0,88.07,92.56,108.96,38.6,-0.05,0.06,-2.7,-24.2,0.56,1.58,0.7,0.023,None,88.07,88.05,BUY CALL,90.0,0.36,0.2434,244.6,59.54,20.6,0.52,Strongly Bullish,6,1.1,36.2
2026-02-20,VENTIVE.NS,39.8,HOLD / NEUTRAL,Consumer,0.0,12.0,4.2,15.0,5.0,4.0,,,,,0.0,0.0,0,707.55,742.12,741.32,24.5,-7.1,0.118,-4.1,-7.5,0.77,1.0,1.0,0.028,None,707.55,707.35,BUY CALL,722.0,3.94,0.2838,179.6,50.97,23.2,0.71,Strongly Bullish,2,1.1,36.2
2026-02-20,ASIANPAINT.NS,39.8,HOLD / NEUTRAL,Consumer,0.0,10.0,9.2,15.0,2.0,3.0,620.63,-74.4,429.32,-82.3,0.0,0.1,1,2428.1,2647.06,2514.99,53.8,12.15,0.134,-10.2,-7.3,0.5,1.0,1.0,0.01,None,2428.1,2428.35,BUY CALL,2477.0,13.71,0.2868,177.1,50.79,23.2,0.204,Slightly Bullish,10,1.1,36.2
2026-02-20,DCMSHRIRAM.NS,39.8,HOLD / NEUTRAL,Others,0.0,12.0,4.2,15.0,5.0,4.0,,,,,0.0,0.0,0,1091.9,1180.16,1208.34,24.0,-4.51,0.107,-0.2,-15.3,0.52,1.5,0.81,0.082,None,1091.9,1092.8,BUY CALL,1114.0,11.19,0.3476,97.6,33.93,32.5,0.71,Strongly Bullish,2,1.1,36.2
2026-02-20,INDIACEM.NS,39.7,HOLD / NEUTRAL,Construction,0.0,12.0,8.2,15.0,0.9,4.0,,,,,0.0,0.0,0,423.2,447.53,388.33,28.6,-4.47,0.122,-7.8,6.2,0.54,10.79,0.79,0.0,None,,,BUY CALL,432.0,5.46,0.3675,77.5,28.48,38.0,0.085,Slightly Bullish,5,1.1,36.1
2026-02-20,SYRMA.NS,39.7,HOLD / NEUTRAL,Others,0.0,9.0,8.6,15.0,3.5,3.0,,,,,0.0,0.0,0,832.4,757.29,722.26,66.7,-2.14,0.36,24.7,9.9,0.31,1.0,1.0,0.102,None,832.4,831.55,BUY CALL,849.0,12.75,0.3872,65.3,25.28,42.0,0.355,Strongly Bullish,2,1.1,36.1
2026-02-20,ALKEM.NS,39.7,HOLD / NEUTRAL,Healthcare,0.0,9.0,9.4,15.0,2.6,3.0,3068.25,-43.1,2232.32,-58.6,0.0,0.0,0,5392.0,5602.33,5316.75,46.4,-37.24,0.112,-5.6,-1.3,0.49,1.0,1.0,0.011,None,5392.0,5392.6,BUY CALL,5500.0,33.04,0.2959,163.2,48.29,24.1,0.263,Strongly Bullish,8,1.1,36.1
2026-02-20,COROMANDEL.NS,39.6,HOLD / NEUTRAL,Chemicals,0.0,9.0,9.2,15.0,2.9,3.0,,,,,0.0,0.0,0,2274.8,2289.73,2300.18,59.3,5.27,0.066,0.2,-8.1,0.59,0.25,1.06,0.031,None,2274.8,2274.1,BUY CALL,2320.0,17.91,0.3228,127.0,41.0,27.6,0.286,Strongly Bullish,4,1.1,36.0
2026-02-20,BEML.NS,39.6,HOLD / NEUTRAL,Others,0.0,9.0,10.5,15.0,1.5,3.0,462.8,-72.9,475.86,-72.1,0.0,0.0,0,1706.5,1763.33,1983.42,47.1,1.07,0.115,1.6,-17.2,0.43,-3.15,1.09,0.012,None,1706.5,1706.3,BUY CALL,1741.0,25.94,0.3854,65.8,25.36,42.0,0.153,Slightly Bullish,1,1.1,36.0
2026-02-20,GODREJAGRO.NS,39.6,HOLD / NEUTRAL,Consumer,0.0,9.0,8.3,15.0,3.7,3.0,,,,,0.0,0.0,0,636.05,569.67,679.96,76.3,7.82,0.338,21.3,-17.7,0.14,1.0,1.0,0.0,None,636.05,636.05,BUY CALL,649.0,5.87,0.3365,108.4,36.48,30.6,0.372,Strongly Bullish,6,1.1,36.0
2026-02-20,SBICARD.NS,39.5,HOLD / NEUTRAL,Financials,0.0,9.0,7.8,15.0,4.1,3.0,,,,,0.0,0.0,0,785.6,819.95,870.54,71.5,7.14,0.078,-0.4,-6.9,0.85,1.0,1.0,0.051,None,785.6,786.0,BUY CALL,801.0,4.76,0.2969,165.0,48.99,23.7,0.412,Strongly Bullish,5,1.1,35.9
2026-02-20,HYUNDAI.NS,39.4,HOLD / NEUTRAL,Auto,0.0,15.0,14.5,3.6,2.8,5.0,1102.5,-51.9,588.84,-74.3,0.0,0.0,0,2293.4,2262.49,2240.83,63.7,12.23,0.063,0.7,-8.4,1.64,2.17,1.02,0.483,Buy NSE,2293.4,2304.5,Skipped (arbitrage took priority),,,,0.0,0.0,,0.275,Strongly Bullish,9,1.1,35.8
2026-02-20,CREDITACC.NS,39.3,HOLD / NEUTRAL,Financials,0.0,12.0,6.2,15.0,2.5,4.0,,,,,0.0,0.0,0,1285.9,1293.63,1293.78,59.6,-0.7,0.106,-11.3,-10.0,0.24,1.67,43.62,0.008,None,1285.9,1286.0,BUY CALL,1312.0,19.3,0.3839,66.6,25.57,41.7,0.255,Strongly Bullish,4,1.1,35.7
2026-02-20,HAL.NS,39.3,HOLD / NEUTRAL,Others,0.0,9.0,9.2,15.0,2.6,3.0,2058.03,-50.6,1289.1,-69.1,0.0,0.0,0,4170.0,4312.06,4589.74,43.6,3.55,0.165,-3.4,-8.1,0.49,1.0,1.0,0.067,None,4170.0,4172.8,BUY CALL,4253.0,40.47,0.3438,103.0,35.41,31.2,0.259,Strongly Bullish,7,1.1,35.8
2026-02-20,DIXON.NS,39.3,HOLD / NEUTRAL,Consumer,0.0,9.0,8.4,15.0,3.4,3.0,,,,,0.0,0.0,0,11072.0,11705.48,14856.93,60.1,49.2,0.211,5.3,-35.8,0.66,3.49,1.21,0.098,None,11072.0,11061.2,BUY CALL,11293.0,154.61,0.3787,71.6,27.11,39.5,0.34,Strongly Bullish,3,1.1,35.8
2026-02-20,NEWGEN.NS,39.2,HOLD / NEUTRAL,Technology,0.0,9.0,7.8,15.0,3.8,3.0,,,,,0.0,0.0,0,556.9,704.09,916.99,49.9,13.64,0.307,-14.1,-38.1,2.72,-0.8,1.48,0.197,None,556.9,558.0,BUY CALL,568.0,15.7,0.4382,35.5,15.56,65.9,0.383,Strongly Bullish,4,1.1,35.7
2026-02-20,NATIONALUM.NS,39.1,HOLD / NEUTRAL,Materials,0.0,9.0,7.4,15.0,4.1,3.0,,,,,0.0,0.0,0,341.2,337.17,235.52,34.0,-5.79,0.227,-5.2,83.2,0.37,1.0,1.0,0.015,None,341.2,341.25,BUY CALL,348.0,5.8,0.3966,58.8,23.32,45.2,0.415,Strongly Bullish,7,1.1,35.5
2026-02-20,INOXWIND.NS,39.0,HOLD / NEUTRAL,Others,0.0,12.0,4.2,15.0,4.2,4.0,,,,,0.0,0.0,0,96.67,114.33,145.93,36.5,-0.68,0.175,-9.6,-34.3,0.99,1.0,1.0,0.021,None,96.67,96.65,BUY CALL,99.0,0.92,0.3226,105.1,33.91,33.5,0.421,Strongly Bullish,4,1.1,35.4
2026-02-20,NEULANDLAB.NS,39.0,HOLD / NEUTRAL,Healthcare,0.0,9.0,9.2,15.0,2.3,3.0,,,,,0.0,0.0,0,12638.0,14256.42,14242.96,44.6,45.38,0.105,-6.9,-10.5,0.98,1.0,1.0,0.127,None,12638.0,12654.1,BUY CALL,12891.0,172.51,0.3763,73.3,27.58,38.9,0.229,Slightly Bullish,2,1.1,35.5
2026-02-20,RELIANCE.NS,38.9,HOLD / NEUTRAL,Energy,0.0,9.0,9.9,15.0,1.4,3.0,,,,,0.0,0.0,0,1419.4,1478.38,1449.36,55.8,1.33,0.08,1.2,-2.5,0.69,0.91,0.47,0.046,None,1419.4,1420.05,BUY CALL,1448.0,5.56,0.2485,255.3,63.44,19.4,0.139,Slightly Bullish,10,1.1,35.3
2026-02-20,UCOBANK.NS,38.9,HOLD / NEUTRAL,Financials,0.0,9.0,9.2,15.0,2.2,3.0,,,,,0.0,0.0,0,28.93,28.99,30.33,57.2,0.06,0.048,-0.2,-3.1,0.8,1.0,1.0,0.173,None,28.93,28.98,BUY CALL,30.0,0.05,0.1229,578.6,71.11,21.5,0.221,Slightly Bullish,4,1.1,35.4
2026-02-20,DEEPAKFERT.NS,38.8,HOLD / NEUTRAL,Chemicals,0.0,9.0,7.1,15.0,4.2,3.0,,,,,0.0,0.0,0,1000.5,1155.73,1392.88,55.1,2.09,0.222,-15.4,-35.8,0.29,-1.31,1.42,0.025,None,1000.5,1000.25,BUY CALL,1021.0,14.19,0.3778,70.5,26.63,40.3,0.417,Strongly Bullish,2,1.1,35.3
2026-02-20,DLF.NS,38.8,HOLD / NEUTRAL,Construction,0.0,9.0,7.5,15.0,3.8,3.0,,,,,0.0,0.0,0,629.3,662.41,744.68,51.0,-1.07,0.138,2.6,-20.7,0.91,20.29,-0.04,0.016,None,629.3,629.2,BUY CALL,642.0,4.99,0.3218,126.1,40.58,27.9,0.382,Strongly Bullish,2,1.1,35.3
2026-02-20,ITCHOTELS.NS,38.8,HOLD / NEUTRAL,Consumer,0.0,15.0,4.2,15.0,1.1,5.0,,,,,0.0,0.0,0,176.68,188.67,213.67,35.5,-0.29,0.081,-4.4,-26.5,0.72,1.47,0.99,0.04,None,176.68,176.75,BUY CALL,180.0,1.18,0.3112,149.7,46.59,24.4,0.105,Slightly Bullish,5,1.1,35.2
2026-02-20,SIGNATURE.NS,38.8,HOLD / NEUTRAL,Construction,0.0,9.0,6.3,15.0,5.0,3.0,,,,,0.0,0.0,0,1008.0,1013.26,1115.93,67.7,19.0,0.374,13.7,-11.6,0.47,1.0,1.0,0.144,None,1008.0,1006.55,BUY CALL,1028.0,14.41,0.3814,70.0,26.7,40.0,0.623,Strongly Bullish,2,1.1,35.3
2026-02-20,360ONE.NS,38.7,HOLD / NEUTRAL,Financials,0.0,9.0,6.2,15.0,5.0,3.0,449.04,-59.2,384.99,-65.0,0.0,0.0,0,1100.6,1147.21,1102.59,48.0,-3.21,0.069,-0.5,-1.8,0.43,0.86,1.01,0.077,None,1100.6,1099.75,BUY CALL,1123.0,8.71,0.3208,126.4,40.55,28.0,0.813,Strongly Bullish,1,1.1,35.2
2026-02-20,WIPRO.NS,38.7,HOLD / NEUTRAL,Technology,0.0,16.0,4.2,15.0,0.0,5.0,,,,,0.0,0.2,1,209.86,243.88,243.06,10.4,-1.59,0.197,-10.5,-15.9,1.02,-1.23,0.65,0.043,None,209.86,209.95,BUY PUT,206.0,1.52,-0.2943,138.1,40.64,27.6,-0.076,Slightly Bearish,10,1.1,35.2
2026-02-20,DOMS.NS,38.7,HOLD / NEUTRAL,Consumer,0.0,9.0,6.2,15.0,5.0,3.0,,,,,0.0,0.0,0,2313.0,2484.05,2496.24,40.5,-6.7,0.094,-3.9,-9.6,0.96,1.0,1.0,0.115,None,2313.0,2310.35,BUY CALL,2359.0,15.48,0.3058,149.4,45.69,25.2,0.71,Strongly Bullish,3,1.1,35.2
2026-02-20,RAILTEL.NS,38.7,HOLD / NEUTRAL,Telecom,0.0,9.0,6.2,15.0,5.0,3.0,,,,,0.0,0.0,0,324.35,343.81,368.33,40.6,-0.51,0.092,-3.5,-12.3,0.81,0.23,0.15,0.031,None,324.35,324.25,BUY CALL,331.0,4.0,0.3644,81.1,29.55,36.7,0.511,Strongly Bullish,2,1.1,35.2
2026-02-20,EMAMILTD.NS,38.7,HOLD / NEUTRAL,Consumer,0.0,9.0,6.2,15.0,5.0,3.0,,,,,0.0,0.0,0,479.6,503.3,545.13,52.7,-0.1,0.072,-3.4,-23.1,0.42,1.0,1.0,0.063,None,479.6,479.3,BUY CALL,489.0,2.06,0.2612,232.8,60.81,19.9,0.642,Strongly Bullish,4,1.1,35.2
2026-02-20,IRCTC.NS,38.6,HOLD / NEUTRAL,Consumer,0.0,9.0,11.1,15.0,0.0,3.0,,,,,0.0,0.0,0,645.3,641.88,704.69,71.8,3.92,0.059,3.2,-11.9,2.77,1.0,1.0,0.093,None,645.3,645.9,BUY PUT,632.0,2.7,-0.2303,239.0,55.04,22.2,-0.059,Slightly Bearish,3,1.1,35.1
2026-02-20,INDIGO.NS,38.6,HOLD / NEUTRAL,Others,0.0,9.0,9.2,15.0,1.9,3.0,,,,,0.0,0.0,0,4854.6,4922.39,5495.33,60.8,5.19,0.108,-1.1,-22.5,0.72,-6.61,2.1,0.014,None,4854.6,4853.9,BUY CALL,4952.0,46.59,0.3419,104.2,35.63,31.1,0.19,Slightly Bullish,10,1.1,35.1
2026-02-20,AMBUJACEM.NS,38.1,HOLD / NEUTRAL,Construction,0.0,9.0,6.2,15.0,4.5,3.0,231.24,-54.8,276.66,-46.0,0.0,0.0,0,512.0,539.94,561.35,50.8,-1.5,0.08,-6.3,-15.1,1.07,-2.88,0.5,0.02,None,512.0,512.1,BUY CALL,522.0,3.3,0.3038,155.2,47.15,24.5,0.449,Strongly Bullish,7,1.1,34.7
2026-02-20,PERSISTENT.NS,38.0,HOLD / NEUTRAL,Technology,0.0,15.0,2.9,15.0,1.7,5.0,,,,,0.0,0.0,0,5092.0,6109.71,5752.16,22.2,-67.1,0.231,-19.1,-6.5,2.13,1.17,1.07,0.019,None,5092.0,5092.95,BUY CALL,5194.0,45.56,0.335,111.8,37.45,29.8,0.171,Slightly Bullish,4,1.1,34.6
2026-02-20,IGL.NS,37.9,HOLD / NEUTRAL,Energy,0.0,9.0,9.2,15.0,1.3,3.0,,,,,0.0,0.0,0,168.2,178.71,197.74,46.4,0.28,0.074,-4.5,-18.6,0.46,1.0,1.0,0.0,None,168.2,168.2,BUY CALL,172.0,0.97,0.2772,173.4,48.07,24.9,0.127,Slightly Bullish,3,1.1,34.5
2026-02-20,GODREJPROP.NS,37.5,HOLD / NEUTRAL,Construction,0.0,9.0,7.0,15.0,3.1,3.0,,,,,0.0,0.0,0,1825.7,1869.77,2093.16,75.4,24.68,0.293,12.7,-13.2,0.55,-1.02,0.37,0.019,None,1825.7,1825.35,BUY CALL,1862.0,25.06,0.3774,72.9,27.51,39.0,0.306,Strongly Bullish,4,1.1,34.1
2026-02-20,COFORGE.NS,37.5,HOLD / NEUTRAL,Technology,0.0,12.0,2.1,15.0,5.0,4.0,,,,,0.0,0.0,0,1340.6,1650.54,1729.52,16.4,-18.9,0.341,-20.4,-24.1,0.77,1.3,1.14,0.067,None,1340.6,1339.7,BUY CALL,1367.0,14.5,0.3556,92.5,32.89,33.3,0.61,Strongly Bullish,3,1.1,34.1
2026-02-20,ICICIBANK.NS,37.4,HOLD / NEUTRAL,Financials,0.0,9.0,8.7,15.0,1.2,3.0,1144.93,-17.9,896.12,-35.7,0.0,0.0,0,1394.5,1382.23,1401.12,62.3,-0.78,0.068,3.6,-5.6,0.74,1.0,1.0,0.068,None,1394.5,1393.55,BUY CALL,1422.0,4.09,0.2214,341.0,75.5,16.8,0.121,Slightly Bullish,10,1.1,34.0
2026-02-20,NBCC.NS,37.2,HOLD / NEUTRAL,Construction,0.0,9.0,6.2,15.0,3.7,3.0,,,,,0.0,0.0,0,94.91,106.74,110.68,46.4,-0.03,0.1,-3.8,-10.8,0.63,1.0,1.0,0.011,None,94.91,94.9,BUY CALL,97.0,1.08,0.3494,87.9,30.71,35.8,0.367,Strongly Bullish,4,1.1,33.8
2026-02-20,CESC.NS,37.2,HOLD / NEUTRAL,Energy,7.6,15.0,11.2,0.0,0.0,5.0,172.26,10.8,155.05,-0.2,0.0,0.0,0,155.43,158.67,163.47,68.9,0.94,0.141,8.4,-4.5,1.72,0.83,1.47,0.013,None,155.43,155.45,None (Neutral Sentiment),,,,0.0,0.0,29.3,0.0,Neutral,0,1.1,33.8
2026-02-20,TATACHEM.NS,37.1,HOLD / NEUTRAL,Chemicals,0.0,9.0,9.2,15.0,0.6,3.0,,,,,0.0,0.0,0,716.1,737.73,862.95,44.3,1.68,0.079,-1.9,-25.9,1.31,15.18,2.79,0.112,None,716.1,715.3,BUY CALL,730.0,5.25,0.3178,136.4,43.35,26.2,0.057,Slightly Bullish,4,1.1,33.8
2026-02-20,JSWINFRA.NS,37.1,HOLD / NEUTRAL,Others,0.0,9.0,6.2,15.0,3.5,3.0,,,,,0.0,0.0,0,253.0,268.92,292.56,43.1,-0.48,0.059,-4.7,-20.0,0.5,0.39,0.33,0.0,None,253.0,253.0,BUY CALL,258.0,1.56,0.2981,162.2,48.35,24.0,0.355,Strongly Bullish,2,1.1,33.7
2026-02-20,BIKAJI.NS,36.9,HOLD / NEUTRAL,Consumer,0.0,9.0,6.2,15.0,3.4,3.0,152.3,-76.0,115.06,-81.9,0.0,0.0,0,635.35,694.98,728.84,40.8,-0.11,0.072,-5.6,-20.3,0.61,1.0,1.0,0.071,None,635.35,634.9,BUY CALL,648.0,3.11,0.2731,204.3,55.79,21.4,0.34,Strongly Bullish,3,1.1,33.6
2026-02-20,M&M.NS,36.6,HOLD / NEUTRAL,Auto,0.0,10.0,6.2,15.0,2.1,3.0,2026.78,-40.6,1527.01,-55.3,0.0,0.1,1,3412.8,3603.0,3413.59,45.5,-11.21,0.098,-4.5,-1.0,0.76,0.91,1.43,0.006,None,3412.8,3413.0,BUY CALL,3481.0,14.05,0.2546,242.9,61.84,19.7,0.211,Slightly Bullish,10,1.1,33.3
2026-02-20,WELCORP.NS,36.6,HOLD / NEUTRAL,Others,0.0,9.0,5.4,15.0,3.9,3.0,,,,,0.0,0.0,0,783.5,786.21,853.5,57.7,-2.35,0.202,3.2,-14.6,0.3,0.04,-6.55,0.051,None,783.5,783.1,BUY CALL,799.0,9.12,0.3623,85.9,31.12,34.9,0.39,Strongly Bullish,2,1.1,33.3
2026-02-20,ENRIN.NS,36.6,HOLD / NEUTRAL,Others,0.0,9.0,8.3,15.0,1.0,3.0,,,,,0.0,0.0,0,2774.6,2591.9,2774.6,77.9,26.69,0.311,26.2,-15.1,0.6,1.43,1.02,0.018,None,2774.6,2774.1,BUY CALL,2830.0,38.67,0.3785,71.8,27.18,39.4,0.103,Slightly Bullish,1,1.1,33.3
2026-02-20,HONAUT.NS,36.5,HOLD / NEUTRAL,Others,0.0,9.0,4.2,15.0,5.0,3.0,8840.23,-71.4,7810.04,-74.7,0.0,0.0,0,30895.0,32939.8,36221.33,20.9,-100.87,0.113,-4.6,-21.2,1.03,-0.09,2.95,0.014,None,30895.0,30890.55,BUY CALL,31513.0,197.82,0.3006,156.2,46.95,24.7,0.555,Strongly Bullish,2,1.1,33.2
2026-02-20,RPOWER.NS,36.5,HOLD / NEUTRAL,Energy,0.0,9.0,9.2,15.0,0.0,3.0,,,,,0.0,0.0,0,26.25,31.69,45.46,46.1,0.12,0.118,-12.4,-49.7,0.35,1.0,1.0,0.0,None,26.25,26.25,BUY PUT,26.0,0.59,-0.4238,44.5,18.86,50.2,-0.08,Slightly Bearish,4,1.1,33.2
2026-02-20,PRESTIGE.NS,36.5,HOLD / NEUTRAL,Construction,0.0,9.0,7.5,15.0,1.7,3.0,,,,,0.0,0.0,0,1487.0,1548.8,1605.2,50.7,-1.41,0.168,4.5,-10.8,0.72,1.0,1.0,0.047,None,1487.0,1486.3,BUY CALL,1517.0,12.2,0.3254,121.9,39.67,28.4,0.17,Slightly Bullish,3,1.1,33.2
2026-02-20,PRAJIND.NS,36.5,HOLD / NEUTRAL,Others,0.0,9.0,8.4,15.0,0.8,3.0,,,,,0.0,0.0,0,311.45,312.45,388.92,59.3,2.44,0.277,5.9,-26.6,0.16,-118.18,1.2,0.048,None,311.45,311.3,BUY CALL,318.0,6.92,0.4155,45.0,18.7,55.7,0.077,Slightly Bullish,2,1.1,33.1
2026-02-20,AFFLE.NS,36.4,HOLD / NEUTRAL,Technology,0.0,12.0,4.2,15.0,1.9,4.0,482.4,-67.5,403.98,-72.8,0.0,0.0,0,1486.2,1675.48,1823.19,33.0,-10.8,0.146,-7.7,-25.4,1.08,0.87,1.16,0.175,None,1486.2,1488.8,BUY CALL,1516.0,9.7,0.3023,153.2,46.31,24.9,0.191,Slightly Bullish,2,1.1,33.1
2026-02-20,SIEMENS.NS,36.3,HOLD / NEUTRAL,Others,0.0,18.0,15.0,0.0,0.0,6.0,,,,,0.0,0.0,0,3206.2,3087.81,3151.69,57.4,3.31,0.137,9.5,-0.5,3.39,1.0,1.0,0.037,None,3206.2,3207.4,None (Neutral Sentiment),,,,0.0,0.0,28.7,0.0,Neutral,0,1.1,33.0
2026-02-20,CONCOR.NS,36.1,HOLD / NEUTRAL,Others,0.0,9.0,7.5,15.0,1.4,3.0,,,,,0.0,0.0,0,503.0,507.78,542.98,49.0,-0.38,0.096,2.4,-10.1,0.38,1.0,1.0,0.02,None,503.0,502.9,BUY CALL,513.0,2.11,0.2569,238.4,61.24,19.8,0.14,Slightly Bullish,6,1.1,32.9
2026-02-20,ATGL.NS,36.0,HOLD / NEUTRAL,Energy,0.0,9.0,6.2,15.0,2.5,3.0,90.31,-82.6,73.54,-85.8,0.0,0.0,0,519.2,552.98,612.91,50.1,-0.28,0.078,-5.3,-18.1,0.52,0.12,-0.89,0.039,None,519.2,519.4,BUY CALL,530.0,3.27,0.2949,158.8,46.83,24.9,0.253,Strongly Bullish,6,1.1,32.7
2026-02-20,HINDCOPPER.NS,36.0,HOLD / NEUTRAL,Materials,0.0,9.0,8.7,15.0,0.0,3.0,105.82,-81.4,68.6,-87.9,0.0,0.0,0,569.05,532.77,344.48,39.3,-10.9,0.331,7.1,136.8,0.2,1.0,1.0,0.009,None,569.05,569.1,BUY PUT,558.0,18.53,-0.4013,30.7,12.32,77.1,-0.318,Strongly Bearish,1,1.1,32.7
2026-02-20,MPHASIS.NS,35.8,HOLD / NEUTRAL,Technology,0.0,12.0,2.1,15.0,3.4,4.0,,,,,0.0,0.0,0,2373.8,2755.05,2742.48,13.2,-24.12,0.238,-15.5,-18.9,1.0,0.66,0.94,0.011,None,2373.8,2373.55,BUY CALL,2421.0,14.37,0.2954,165.2,48.8,23.9,0.345,Strongly Bullish,7,1.1,32.6
2026-02-20,BLUEJET.NS,35.7,HOLD / NEUTRAL,Healthcare,0.0,12.0,2.1,15.0,3.3,4.0,261.83,-26.4,166.23,-53.3,0.0,0.0,0,355.85,472.38,677.07,34.9,-3.47,0.299,-21.5,-55.8,1.17,1.23,1.06,0.112,None,355.85,355.45,BUY CALL,363.0,5.56,0.3884,64.0,24.86,42.7,0.331,Strongly Bullish,3,1.1,32.4
2026-02-20,AFCONS.NS,35.7,HOLD / NEUTRAL,Construction,0.0,12.0,4.2,15.0,1.3,4.0,189.65,-40.7,200.24,-37.4,0.0,0.0,0,320.0,359.29,412.9,38.2,-0.28,0.093,-7.4,-27.3,0.51,1.0,1.0,0.047,None,320.0,320.15,BUY CALL,326.0,1.86,0.2973,172.0,51.14,22.7,0.127,Slightly Bullish,3,1.1,32.5
2026-02-20,LTIM.NS,35.5,HOLD / NEUTRAL,Technology,0.0,12.0,2.1,15.0,3.2,4.0,,,,,0.0,0.0,0,4889.5,5893.25,5487.81,13.7,-69.88,0.288,-17.8,-8.3,0.78,0.07,2.09,0.032,None,4889.5,4887.95,BUY CALL,4987.0,40.61,0.3279,120.4,39.48,28.5,0.318,Strongly Bullish,10,1.1,32.3
2026-02-20,WHIRLPOOL.NS,35.5,HOLD / NEUTRAL,Consumer,0.0,9.0,8.3,15.0,0.0,3.0,,,,,0.0,0.0,0,930.25,867.77,1179.17,75.1,13.01,0.288,17.8,-31.1,0.52,-195.33,0.96,0.075,None,930.25,929.55,BUY PUT,912.0,12.54,-0.344,74.2,25.52,41.0,-0.084,Slightly Bearish,3,1.1,32.3
2026-02-20,SYNGENE.NS,35.3,HOLD / NEUTRAL,Healthcare,0.0,9.0,5.1,15.0,2.9,3.0,,,,,0.0,0.0,0,442.7,569.01,628.68,35.6,3.68,0.228,-25.3,-35.8,0.92,148.53,1.06,0.023,None,442.7,442.6,BUY CALL,452.0,4.33,0.3392,102.2,34.67,32.1,0.295,Strongly Bullish,6,1.1,32.1
2026-02-20,OFSS.NS,35.3,HOLD / NEUTRAL,Technology,0.0,15.0,2.1,15.0,0.0,5.0,,,,,0.0,0.0,0,6642.5,7575.62,8313.16,20.4,-68.62,0.28,-15.9,-24.5,0.57,0.8,0.36,0.0,None,,,BUY PUT,6510.0,46.23,-0.2829,143.7,40.65,28.0,-0.178,Slightly Bearish,1,1.1,32.1
2026-02-20,MARICO.NS,35.2,HOLD / NEUTRAL,Consumer,0.0,0.0,14.4,15.0,2.6,,,,,,0.0,0.0,0,788.2,751.82,724.47,77.8,4.05,0.113,4.8,4.5,0.49,1.0,1.0,0.013,None,788.2,788.1,BUY CALL,804.0,2.45,0.2254,321.7,72.51,17.4,0.264,Strongly Bullish,10,1.1,32.0
2026-02-20,PETRONET.NS,35.2,HOLD / NEUTRAL,Energy,0.0,0.0,15.0,15.0,2.0,,,,,,0.0,0.0,0,306.65,286.41,282.66,65.3,0.43,0.105,11.5,11.0,0.59,1.0,1.0,0.049,None,306.65,306.5,BUY CALL,313.0,1.82,0.2888,168.5,48.66,24.1,0.204,Slightly Bullish,10,1.1,32.0
2026-02-20,ECLERX.NS,35.2,HOLD / NEUTRAL,Others,0.0,12.0,0.0,15.0,5.0,4.0,,,,,0.0,0.0,0,3553.5,4415.04,4080.51,9.0,-65.89,0.448,-18.3,-13.2,0.41,1.45,1.07,0.091,None,3553.5,3556.75,BUY CALL,3625.0,55.45,0.3882,64.1,24.88,42.7,0.612,Strongly Bullish,1,1.1,32.0
2026-02-20,SUZLON.NS,35.1,HOLD / NEUTRAL,Others,0.0,9.0,4.2,15.0,3.7,3.0,,,,,0.0,0.0,0,44.46,49.52,57.37,37.5,-0.13,0.115,-5.4,-25.6,1.13,1.41,1.51,0.067,None,44.46,44.43,BUY CALL,45.0,0.49,0.4016,90.7,36.43,28.7,0.371,Strongly Bullish,10,1.1,31.9
2026-02-20,APOLLOTYRE.NS,35.1,HOLD / NEUTRAL,Auto,0.0,12.0,4.2,15.0,0.7,4.0,226.23,-50.3,283.78,-37.7,0.0,0.0,0,455.35,499.31,480.73,37.9,-4.42,0.125,-9.0,-3.4,0.74,1.0,1.0,0.033,None,455.35,455.2,BUY CALL,464.0,3.13,0.3134,145.5,45.6,25.0,0.068,Slightly Bullish,10,1.1,31.9
2026-02-20,HDFCBANK.NS,35.0,SELL,Financials,0.0,8.0,6.9,15.0,1.9,3.0,674.97,-26.0,608.09,-33.3,0.0,-0.1,-1,911.85,951.92,972.76,42.6,-0.4,0.055,-0.7,-10.5,0.77,1.0,1.0,0.005,None,911.85,911.9,BUY CALL,930.0,1.56,0.1698,584.5,99.25,13.7,0.186,Slightly Bullish,10,1.1,31.8
2026-02-20,NHPC.NS,34.7,SELL,Energy,0.0,9.0,6.2,15.0,1.3,3.0,,,,,0.0,0.0,0,74.47,77.29,81.04,41.1,-0.23,0.072,-2.1,-9.4,0.89,-5.93,-0.27,0.054,None,74.47,74.43,BUY CALL,76.0,0.42,0.284,177.3,50.35,23.3,0.134,Slightly Bullish,8,1.1,31.5
2026-02-20,ETERNAL.NS,34.6,SELL,Consumer,0.0,9.0,6.2,15.0,1.3,3.0,,,,,0.0,0.0,0,269.45,282.98,290.89,48.2,-1.72,0.19,-2.3,-19.6,0.39,0.09,-2.9,0.186,None,269.45,268.95,BUY CALL,275.0,3.39,0.366,79.5,29.1,37.3,0.128,Slightly Bullish,10,1.1,31.4
2026-02-20,TITAGARH.NS,34.3,SELL,Others,0.0,9.0,4.2,15.0,2.9,3.0,,,,,0.0,0.0,0,743.5,806.81,860.15,30.8,-2.87,0.108,-6.5,-15.0,0.64,1.0,1.0,0.02,None,743.5,743.65,BUY CALL,758.0,7.04,0.3434,105.6,36.26,30.5,0.294,Strongly Bullish,2,1.1,31.1
2026-02-20,GUJGASLTD.NS,34.2,SELL,Energy,0.0,9.0,4.2,15.0,2.9,3.0,,,,,0.0,0.0,0,405.15,410.52,430.18,39.5,-2.24,0.078,-0.4,-7.1,0.97,1.0,1.0,0.136,None,405.15,404.6,BUY CALL,413.0,2.51,0.3007,161.4,48.53,23.9,0.288,Strongly Bullish,3,1.1,31.1
2026-02-20,ALKYLAMINE.NS,34.0,SELL,Chemicals,0.0,9.0,6.2,15.0,0.8,3.0,546.49,-64.0,466.59,-69.2,0.0,0.0,0,1516.6,1576.95,1881.25,43.7,-3.04,0.067,-5.1,-31.9,0.59,1.03,1.14,0.03,None,1516.6,1517.05,BUY CALL,1547.0,11.37,0.3168,133.4,42.26,26.9,0.077,Slightly Bullish,1,1.1,30.9
2026-02-20,AWL.NS,33.9,SELL,Consumer,0.0,9.0,4.2,15.0,2.7,3.0,112.39,-43.4,111.86,-43.7,0.0,0.0,0,198.52,221.95,252.93,24.4,-0.19,0.101,-5.5,-25.7,1.22,-1.84,1.33,0.086,None,198.52,198.35,BUY CALL,202.0,0.76,0.2618,261.2,68.38,17.8,0.265,Strongly Bullish,10,1.1,30.9
2026-02-20,RVNL.NS,33.9,SELL,Construction,0.0,9.0,4.2,15.0,2.6,3.0,,,,,0.0,0.0,0,312.1,329.57,347.85,37.2,-0.56,0.136,-4.8,-6.8,1.07,1.0,1.0,0.016,None,312.1,312.15,BUY CALL,318.0,4.63,0.3889,67.4,26.21,40.4,0.264,Strongly Bullish,7,1.1,30.8
2026-02-20,NIVABUPA.NS,33.6,SELL,Financials,0.0,9.0,5.5,15.0,1.1,3.0,,,,,0.0,0.0,0,76.92,76.86,80.46,35.6,-0.22,0.054,-0.7,-12.1,0.45,1.0,1.0,0.065,None,76.92,76.87,BUY CALL,78.0,0.47,0.3338,163.7,54.64,20.4,0.108,Slightly Bullish,3,1.1,30.6
2026-02-20,LEMONTREE.NS,33.2,SELL,Consumer,0.0,9.0,5.0,15.0,1.2,3.0,,,,,0.0,0.0,0,116.27,142.73,151.54,33.8,-0.28,0.135,-10.0,-32.2,1.97,1.0,1.0,0.026,None,116.27,116.3,BUY CALL,119.0,1.03,0.3183,112.9,35.94,31.9,0.12,Slightly Bullish,10,1.1,30.1
2026-02-20,ATUL.NS,33.0,SELL,Chemicals,0.0,15.0,15.0,0.0,0.0,5.0,3122.72,-52.5,3022.13,-54.1,0.0,0.0,0,6581.0,6154.52,6431.56,77.2,11.12,0.175,14.0,1.6,1.52,1.99,1.71,0.04,None,6581.0,6583.6,None (Neutral Sentiment),,,,0.0,0.0,27.9,0.0,Neutral,0,1.1,30.0
2026-02-20,SONATSOFTW.NS,32.9,SELL,Technology,0.0,9.0,2.1,15.0,3.8,3.0,,,,,0.0,0.0,0,285.65,329.13,366.68,39.6,-0.87,0.204,-8.5,-25.7,0.83,1.0,1.0,0.193,None,285.65,285.1,BUY CALL,291.0,3.69,0.377,77.4,29.18,36.6,0.382,Strongly Bullish,3,1.1,29.9
2026-02-20,BSOFT.NS,32.7,SELL,Technology,0.0,9.0,2.1,15.0,3.7,3.0,257.9,-31.9,222.76,-41.2,0.0,0.0,0,378.65,425.15,399.45,38.9,-7.19,0.28,-8.8,-2.1,0.48,-10.49,-0.17,0.0,None,378.65,378.65,BUY CALL,386.0,6.21,0.3957,61.0,24.14,43.7,0.366,Strongly Bullish,3,1.1,29.8
2026-02-20,PFIZER.NS,32.7,SELL,Healthcare,0.0,18.0,11.8,0.0,0.0,6.0,,,,,0.0,0.0,0,4931.7,4878.31,5124.91,62.8,26.45,0.185,4.4,-15.3,0.15,1.0,1.0,0.123,None,4931.7,4937.75,None (Neutral Sentiment),,,,0.0,0.0,23.9,0.0,Neutral,0,1.1,29.8
2026-02-20,OLAELEC.NS,32.7,SELL,Auto,0.0,12.0,2.1,15.0,0.7,4.0,,,,,0.0,0.0,0,26.55,34.42,44.53,20.6,-0.27,0.23,-19.5,-47.7,0.97,-0.24,0.77,0.113,None,26.55,26.58,BUY CALL,27.0,0.62,0.4345,42.8,18.6,54.9,0.065,Slightly Bullish,10,1.1,29.8
2026-02-20,ITC.NS,32.1,SELL,Consumer,0.0,18.0,11.2,0.0,0.0,6.0,,,,,0.0,0.0,0,327.0,343.53,388.78,64.9,3.42,0.084,2.8,-19.8,0.44,1.73,0.21,0.0,None,327.0,327.0,None (Neutral Sentiment),,,,0.0,0.0,27.2,0.0,Neutral,2,1.1,29.2
2026-02-20,CYIENT.NS,31.5,SELL,Technology,0.0,9.0,2.1,15.0,2.5,3.0,,,,,0.0,0.0,0,988.6,1117.45,1185.51,25.5,-8.81,0.214,-12.9,-20.9,0.55,5.7,1.17,0.071,None,988.6,987.9,BUY CALL,1008.0,9.04,0.3393,109.4,37.12,30.0,0.255,Strongly Bullish,5,1.1,28.7
2026-02-20,INTELLECT.NS,30.9,SELL,Technology,0.0,9.0,0.0,15.0,4.1,3.0,,,,,0.0,0.0,0,704.2,894.65,1016.76,20.1,-2.17,0.424,-23.8,-28.8,0.9,0.17,1.06,0.028,None,704.2,704.4,BUY CALL,718.0,8.91,0.3711,79.0,29.32,36.7,0.41,Strongly Bullish,6,1.1,28.1
2026-02-20,ZENSARTECH.NS,30.8,SELL,Technology,0.0,9.0,2.1,15.0,1.9,3.0,,,,,0.0,0.0,0,560.25,680.19,762.06,13.0,-5.1,0.282,-22.2,-32.6,0.54,2.31,1.05,0.018,None,560.25,560.15,BUY CALL,571.0,4.55,0.3294,123.1,40.55,27.6,0.191,Slightly Bullish,2,1.1,28.0
2026-02-20,JPPOWER.NS,29.9,SELL,Energy,0.0,18.0,9.2,0.0,0.0,6.0,,,,,0.0,0.0,0,14.66,16.32,17.9,45.7,0.03,0.096,-4.2,-25.2,0.47,-2.14,1.81,0.068,None,14.66,14.67,None (Neutral Sentiment),,,,0.0,0.0,37.2,0.0,Neutral,0,1.1,27.2
2026-02-20,TRIVENI.NS,29.7,SELL,Consumer,0.0,12.0,15.0,0.0,0.0,4.0,,,,,0.0,0.0,0,384.65,368.12,367.84,64.2,0.66,0.19,14.5,11.8,1.22,4.12,1.28,0.065,None,384.65,384.4,None (Neutral Sentiment),,,,0.0,0.0,38.7,0.0,Neutral,0,1.1,27.0
2026-02-20,KPITTECH.NS,29.4,SELL,Technology,0.0,9.0,0.0,15.0,2.8,3.0,408.76,-51.1,266.37,-68.1,0.0,0.0,0,835.4,1091.49,1204.43,14.8,-7.75,0.362,-24.5,-33.1,0.85,1.0,1.0,0.114,None,835.4,834.45,BUY CALL,852.0,9.32,0.3577,89.6,32.05,34.0,0.275,Strongly Bullish,7,1.1,26.8
2026-02-20,LTFOODS.NS,29.4,SELL,Consumer,0.0,12.0,9.7,3.2,1.9,4.0,,,,,0.0,0.0,0,414.35,387.43,422.15,68.4,1.16,0.295,18.8,-10.5,0.26,0.58,0.62,0.423,Buy BSE,414.35,412.6,Skipped (arbitrage took priority),,,,0.0,0.0,,0.185,Slightly Bullish,5,1.1,26.7
2026-02-20,KPRMILL.NS,29.4,SELL,Textiles,0.0,18.0,8.7,0.0,0.0,6.0,381.96,-59.1,294.95,-68.4,0.0,0.0,0,933.5,911.08,1042.23,61.4,-0.69,0.196,8.9,-10.4,0.38,0.62,2.99,0.166,None,933.5,931.95,None (Neutral Sentiment),,,,0.0,0.0,46.7,0.0,Neutral,0,1.1,26.7
2026-02-20,THELEELA.NS,29.4,SELL,Consumer,0.0,18.0,8.7,0.0,0.0,6.0,,,,,0.0,0.0,0,435.45,426.09,435.45,53.5,-0.63,0.142,7.4,-3.5,0.22,1.05,17.59,0.126,None,435.45,434.9,None (Neutral Sentiment),,,,0.0,0.0,30.7,0.0,Neutral,2,1.1,26.7
2026-02-20,LODHA.NS,28.9,SELL,Construction,0.0,18.0,8.3,0.0,0.0,6.0,,,,,0.0,0.0,0,1071.15,1054.23,1216.57,71.7,5.77,0.27,13.3,-19.0,0.29,0.99,1.05,0.0,None,1071.15,1071.15,None (Neutral Sentiment),,,,0.0,0.0,32.1,0.0,Neutral,3,1.1,26.3
2026-02-20,TATAINVEST.NS,28.7,SELL,Financials,0.0,15.0,11.1,0.0,0.0,5.0,,,,,0.0,0.0,0,707.1,667.82,711.67,75.7,9.51,0.174,14.1,-0.4,6.39,1.0,1.0,0.042,None,707.1,706.8,None (Neutral Sentiment),,,,0.0,0.0,32.5,0.0,Neutral,0,1.1,26.1
2026-02-20,INFY.NS,28.7,SELL,Technology,0.0,9.0,2.1,15.0,0.0,3.0,,,,,0.0,0.0,0,1353.2,1583.3,1530.69,13.8,-16.74,0.327,-18.7,-10.3,0.86,-0.35,-0.1,0.033,None,1353.2,1352.75,BUY PUT,1326.0,8.64,-0.2738,156.6,42.88,26.9,-0.052,Slightly Bearish,10,1.1,26.1
2026-02-20,MRPL.NS,28.6,SELL,Energy,0.3,0.0,10.7,15.0,0.0,,192.29,0.5,,,0.0,0.0,0,191.25,161.71,147.37,65.9,-0.2,0.264,24.0,49.0,0.41,1012.66,1.44,0.078,None,191.25,191.1,BUY PUT,187.0,2.91,-0.3431,65.7,22.54,46.3,-0.175,Slightly Bearish,10,1.1,26.0
2026-02-20,SUNDARMFIN.NS,28.5,SELL,Financials,0.0,9.0,12.0,4.9,0.0,3.0,,,,,0.0,0.0,0,5178.0,5156.29,4870.68,41.5,-31.46,0.089,2.5,-2.5,0.71,1.0,1.0,0.659,Buy NSE,5178.0,5212.25,Skipped (arbitrage took priority),,,,0.0,0.0,,0.0,Neutral,0,1.1,25.9
2026-02-20,SBFC.NS,27.9,SELL,Financials,0.0,12.0,5.7,2.6,5.0,4.0,,,,,0.0,0.0,0,96.03,99.69,106.67,73.4,0.65,0.205,-7.1,-16.2,0.2,1.2,0.81,0.353,Buy NSE,96.03,96.37,Skipped (arbitrage took priority),,,,0.0,0.0,,0.71,Strongly Bullish,2,1.1,25.4
2026-02-20,HEXT.NS,27.9,SELL,Technology,0.0,9.0,0.0,15.0,1.4,3.0,399.03,-23.4,227.37,-56.4,0.0,0.0,0,520.95,697.54,743.46,22.6,-7.28,0.437,-28.2,-32.1,0.84,1.0,1.0,0.106,None,520.95,521.5,BUY CALL,531.0,8.35,0.3942,62.4,24.6,42.9,0.14,Slightly Bullish,4,1.1,25.4
2026-02-20,ELECON.NS,27.8,SELL,Others,0.0,9.0,8.4,4.1,3.8,3.0,,,,,0.0,0.0,0,421.3,444.13,553.65,55.3,0.02,0.282,11.3,-27.3,0.28,-1.37,1.24,0.544,Buy NSE,421.3,423.6,Skipped (arbitrage took priority),,,,0.0,0.0,,0.382,Strongly Bullish,1,1.1,25.3
2026-02-20,IOC.NS,27.2,SELL,Energy,0.0,12.0,12.8,0.0,0.0,4.0,,,,,0.0,0.0,0,173.79,165.34,149.4,64.1,-0.2,0.173,9.3,24.6,0.55,45.11,1.26,0.178,None,173.79,174.1,None (Neutral Sentiment),,,,0.0,0.0,20.7,-0.021,Neutral,10,1.1,24.8
2026-02-20,GLENMARK.NS,26.8,SELL,Healthcare,0.0,9.0,15.0,0.0,0.3,3.0,583.92,-71.4,,,0.0,0.0,0,2043.2,2002.56,1895.28,67.9,7.15,0.073,2.3,3.5,0.63,1.0,1.0,0.02,None,2043.2,2043.6,None (Neutral Sentiment),,,,0.0,0.0,23.7,0.032,Neutral,10,1.1,24.3
2026-02-20,MAHSCOOTER.NS,26.6,SELL,Financials,0.0,15.0,9.2,0.0,0.0,5.0,4848.83,-63.8,14276.89,6.6,0.0,0.0,0,13396.0,13770.32,14735.54,54.7,26.24,0.086,0.5,-15.9,0.71,1.07,0.85,0.092,None,13396.0,13408.3,None (Neutral Sentiment),,,,0.0,0.0,28.9,0.0,Neutral,0,1.1,24.2
2026-02-20,NUVOCO.NS,26.6,SELL,Construction,0.0,18.0,6.2,0.0,0.0,6.0,,,,,0.0,0.0,0,332.15,350.67,383.6,44.8,-1.0,0.07,-5.0,-30.8,0.34,7.96,4.15,0.015,None,332.15,332.1,None (Neutral Sentiment),,,,0.0,0.0,25.3,0.0,Neutral,0,1.1,24.2
2026-02-20,IKS.NS,26.6,SELL,Technology,0.0,18.0,6.2,0.0,0.0,6.0,,,,,0.0,0.0,0,1594.4,1663.99,1606.67,48.6,-5.04,0.137,-5.3,-1.3,0.73,1.84,1.13,0.195,None,1594.4,1591.3,None (Neutral Sentiment),,,,0.0,0.0,35.4,0.0,Neutral,0,1.1,24.2
2026-02-20,AGARWALEYE.NS,26.6,SELL,Healthcare,0.0,15.0,9.2,0.0,0.0,5.0,,,,,0.0,0.0,0,445.9,478.18,456.1,55.5,1.51,0.086,-4.8,-3.0,0.43,1.05,2.27,0.134,None,445.9,446.5,None (Neutral Sentiment),,,,0.0,0.0,23.4,0.0,Neutral,1,1.1,24.2
2026-02-20,CRAFTSMAN.NS,26.4,SELL,Auto,0.0,9.0,15.0,0.0,0.0,3.0,,,,,0.0,0.0,0,8038.0,7547.82,6625.85,69.8,13.32,0.132,5.4,14.5,0.43,1.0,1.0,0.122,None,8038.0,8028.2,None (Neutral Sentiment),,,,0.0,0.0,38.7,0.0,Neutral,0,1.1,24.0
2026-02-20,DELHIVERY.NS,26.4,SELL,Others,0.0,12.0,12.0,0.0,0.0,4.0,,,,,0.0,0.0,0,430.95,413.08,420.49,43.6,-0.62,0.145,10.5,-10.8,0.53,-1.29,2.05,0.035,None,430.95,431.1,None (Neutral Sentiment),,,,0.0,0.0,28.3,0.0,Neutral,0,1.1,24.0
2026-02-20,SUNTV.NS,26.4,SELL,Media,0.0,9.0,15.0,0.0,0.0,3.0,,,,,0.0,0.0,0,584.65,562.55,568.29,61.8,2.02,0.19,6.4,0.5,0.47,1.0,1.0,0.077,None,584.65,584.2,None (Neutral Sentiment),,,,0.0,0.0,33.5,0.0,Neutral,0,1.1,24.0
2026-02-20,GPIL.NS,26.4,SELL,Others,0.0,9.0,15.0,0.0,0.0,3.0,,,,,0.0,0.0,0,262.85,255.95,230.06,59.9,0.83,0.123,4.9,15.7,0.53,1.0,1.0,0.057,None,262.85,262.7,None (Neutral Sentiment),,,,0.0,0.0,36.6,0.0,Neutral,0,1.1,24.0
2026-02-20,RHIM.NS,26.1,SELL,Others,0.0,12.0,11.8,0.0,0.0,4.0,,,,,0.0,0.0,0,458.5,448.35,465.35,59.8,2.93,0.187,6.0,-9.8,0.56,1.0,1.0,0.011,None,458.5,458.55,None (Neutral Sentiment),,,,0.0,0.0,40.5,0.0,Neutral,2,1.1,23.8
2026-02-20,IGIL.NS,26.1,SELL,Others,0.0,12.0,11.8,0.0,0.0,4.0,,,,,0.0,0.0,0,331.65,318.54,346.83,66.1,1.53,0.156,11.0,-2.9,0.31,1.0,1.0,0.06,None,331.65,331.85,None (Neutral Sentiment),,,,0.0,0.0,36.6,0.0,Neutral,0,1.1,23.8
2026-02-20,SCI.NS,25.9,SELL,Others,0.0,12.0,11.6,0.0,0.0,4.0,,,,,0.0,0.0,0,254.96,225.49,216.14,70.0,1.85,0.425,24.5,22.4,0.55,1.0,1.0,0.004,None,254.96,254.95,None (Neutral Sentiment),,,,0.0,0.0,52.2,0.0,Neutral,0,1.1,23.6
2026-02-20,MANAPPURAM.NS,25.7,SELL,Financials,0.0,9.0,14.4,0.0,0.0,3.0,74.61,-75.7,125.48,-59.1,0.0,0.0,0,306.5,300.45,276.03,72.5,0.85,0.117,2.3,13.8,0.28,1.0,1.0,0.065,None,306.5,306.3,None (Neutral Sentiment),,,,0.0,0.0,34.9,0.0,Neutral,0,1.1,23.4
2026-02-20,SCHNEIDER.NS,25.2,SELL,Others,0.0,12.0,10.9,0.0,0.0,4.0,,,,,0.0,0.0,0,922.65,716.46,791.92,87.0,18.89,0.46,48.1,5.2,1.53,1.0,1.0,0.049,None,922.65,922.2,None (Neutral Sentiment),,,,0.0,0.0,48.2,0.0,Neutral,2,1.1,22.9
2026-02-20,DABUR.NS,25.0,SELL,Consumer,0.0,12.0,10.7,0.0,0.0,4.0,,,,,0.0,0.0,0,509.7,508.41,503.5,58.8,-0.66,0.055,-3.0,-2.7,0.76,0.84,1.48,0.039,None,509.7,509.9,None (Neutral Sentiment),,,,0.0,0.0,16.8,-0.012,Neutral,10,1.1,22.7
2026-02-20,ZFCVINDIA.NS,24.8,SELL,Auto,0.0,9.0,13.5,0.0,0.0,3.0,,,,,0.0,0.0,0,15246.0,14796.0,13712.13,53.8,-11.91,0.178,10.2,2.4,2.44,1.0,1.0,0.141,None,15246.0,15224.5,None (Neutral Sentiment),,,,0.0,0.0,37.5,0.0,Neutral,1,1.1,22.5
2026-02-20,MRF.NS,24.7,SELL,Auto,0.0,12.0,10.5,0.0,0.0,4.0,81350.25,-44.4,73629.25,-49.7,0.0,0.0,0,146390.0,146551.54,147574.25,68.4,764.54,0.198,2.9,-3.7,0.47,1.0,1.0,0.0,None,146390.0,146389.59,None (Neutral Sentiment),,,,0.0,0.0,25.8,0.0,Neutral,0,1.1,22.5
2026-02-20,WOCKPHARMA.NS,24.7,SELL,Healthcare,0.0,12.0,10.5,0.0,0.0,4.0,,,,,0.0,0.0,0,1381.6,1397.02,1465.0,61.1,0.89,0.083,1.6,-7.6,0.37,25.13,0.98,0.065,None,1381.6,1380.7,None (Neutral Sentiment),,,,0.0,0.0,51.9,0.0,Neutral,0,1.1,22.5
2026-02-20,FORCEMOT.NS,24.4,SELL,Auto,0.0,12.0,10.2,0.0,0.0,4.0,16060.68,-34.4,7883.46,-67.8,0.0,0.0,0,24475.0,20419.84,17268.42,74.6,226.41,0.466,18.3,9.9,1.1,1.0,1.0,0.02,None,24475.0,24470.2,None (Neutral Sentiment),,,,0.0,0.0,46.8,0.0,Neutral,0,1.1,22.2
2026-02-20,DATAPATTNS.NS,24.2,SELL,Others,0.0,9.0,13.0,0.0,0.0,3.0,,,,,0.0,0.0,0,2984.6,2620.95,2727.01,77.3,32.0,0.301,30.1,12.7,2.94,1.0,1.0,0.032,None,2984.6,2985.55,None (Neutral Sentiment),,,,0.0,0.0,51.9,0.0,Neutral,0,1.1,22.0
2026-02-20,OIL.NS,23.9,SELL,Energy,0.0,9.0,12.8,0.0,0.0,3.0,,,,,0.0,0.0,0,475.55,437.89,420.36,49.8,-3.12,0.174,10.6,16.8,1.01,1.0,1.0,0.042,None,475.55,475.35,None (Neutral Sentiment),,,,0.0,0.0,36.1,-0.022,Neutral,10,1.1,21.8
2026-02-20,PTCIL.NS,23.8,SELL,Others,0.0,9.0,10.2,2.5,0.0,3.0,,,,,0.0,0.0,0,17808.0,17991.14,16045.95,47.8,-31.83,0.088,-0.0,28.3,0.77,1.0,1.0,0.334,Buy NSE,17808.0,17867.6,Skipped (arbitrage took priority),,,,0.0,0.0,,0.0,Neutral,0,1.1,21.7
2026-02-20,GLAXO.NS,23.4,SELL,Healthcare,0.0,9.0,11.8,0.0,0.5,3.0,932.44,-64.1,369.89,-85.8,0.0,0.0,0,2596.9,2474.6,2778.53,68.7,8.91,0.184,9.1,-8.7,0.47,4.88,0.93,0.123,None,2596.9,2600.1,None (Neutral Sentiment),,,,0.0,0.0,27.1,0.049,Neutral,10,1.1,21.3
2026-02-20,CGPOWER.NS,23.4,SELL,Others,0.0,9.0,12.3,0.0,0.0,3.0,109.31,-84.7,87.41,-87.7,0.0,0.0,0,712.15,637.5,685.42,81.7,6.04,0.344,24.3,3.3,0.6,0.94,1.04,0.042,None,712.15,712.45,None (Neutral Sentiment),,,,0.0,0.0,38.6,0.0,Neutral,0,1.1,21.3
2026-02-20,LINDEINDIA.NS,23.4,SELL,Chemicals,0.0,9.0,12.3,0.0,0.0,3.0,,,,,0.0,0.0,0,6794.0,6102.69,6378.12,80.0,58.55,0.253,13.6,4.6,0.76,6.56,1.1,0.218,None,6794.0,6808.8,None (Neutral Sentiment),,,,0.0,0.0,26.6,0.0,Neutral,0,1.1,21.3
2026-02-20,MAZDOCK.NS,23.3,SELL,Others,0.0,15.0,6.2,0.0,0.0,5.0,,,,,0.0,0.0,0,2360.2,2436.02,2807.03,41.8,-3.81,0.11,-0.1,-16.3,0.78,1.88,1.06,0.064,None,2360.2,2361.7,None (Neutral Sentiment),,,,0.0,0.0,32.5,0.0,Neutral,1,1.1,21.2
2026-02-20,SUNDRMFAST.NS,23.3,SELL,Auto,0.0,15.0,6.2,0.0,0.0,5.0,,,,,0.0,0.0,0,914.65,932.58,973.7,43.0,-1.99,0.084,-1.9,-9.8,0.26,1.06,0.64,0.038,None,914.65,914.3,None (Neutral Sentiment),,,,0.0,0.0,25.8,0.0,Neutral,0,1.1,21.2
2026-02-20,IREDA.NS,23.3,SELL,Financials,0.0,12.0,9.2,0.0,0.0,4.0,,,,,0.0,0.0,0,126.65,133.78,150.0,48.2,0.15,0.083,-2.5,-16.1,0.72,0.88,1.86,0.0,None,126.65,126.65,None (Neutral Sentiment),,,,0.0,0.0,29.6,0.0,Neutral,0,1.1,21.2
2026-02-20,TTML.NS,23.3,SELL,Telecom,0.0,12.0,9.2,0.0,0.0,4.0,,,,,0.0,0.0,0,42.91,46.48,56.53,44.1,0.02,0.103,-1.3,-28.8,0.29,-1.1,1.64,0.07,None,42.91,42.88,None (Neutral Sentiment),,,,0.0,0.0,51.0,0.0,Neutral,0,1.1,21.2
2026-02-20,FACT.NS,23.3,SELL,Chemicals,0.0,12.0,9.2,0.0,0.0,4.0,6.69,-99.1,14.99,-98.1,0.0,0.0,0,781.05,837.52,909.23,50.5,0.98,0.07,-3.0,-24.8,0.41,-0.81,3.13,0.019,None,781.05,780.9,None (Neutral Sentiment),,,,0.0,0.0,32.7,0.0,Neutral,0,1.1,21.2
2026-02-20,ALOKINDS.NS,23.3,SELL,Textiles,0.0,15.0,6.2,0.0,0.0,5.0,,,,,0.0,0.0,0,14.72,15.65,17.76,45.2,-0.08,0.159,-0.3,-21.6,0.53,21.97,0.64,0.0,None,14.72,14.72,None (Neutral Sentiment),,,,0.0,0.0,30.4,0.0,Neutral,0,1.1,21.2
2026-02-20,GODFRYPHLP.NS,23.1,SELL,Consumer,0.0,12.0,9.0,0.0,0.0,4.0,,,,,0.0,0.0,0,2487.8,2333.85,2883.69,75.2,68.04,0.333,20.5,-34.3,1.68,1.42,1.8,0.129,None,2487.8,2491.0,None (Neutral Sentiment),,,,0.0,0.0,66.1,0.0,Neutral,0,1.1,21.0
2026-02-20,TMPV.NS,22.8,SELL,Auto,0.0,9.0,11.8,0.0,0.0,3.0,,,,,0.0,0.0,0,378.0,360.31,378.0,63.4,0.49,0.164,8.8,0.0,0.57,1.0,1.0,0.026,None,378.0,377.9,None (Neutral Sentiment),,,,0.0,0.0,21.1,-0.001,Neutral,10,1.1,20.8
2026-02-20,DMART.NS,22.8,SELL,Consumer,0.0,12.0,8.7,0.0,0.0,4.0,681.11,-82.4,588.26,-84.8,0.0,0.0,0,3866.4,3802.58,4138.27,63.9,-0.98,0.121,3.8,-19.7,0.61,0.97,0.84,0.185,None,3866.4,3859.25,None (Neutral Sentiment),,,,0.0,0.0,21.6,0.0,Neutral,0,1.1,20.7
2026-02-20,SUMICHEM.NS,22.5,SELL,Chemicals,0.0,9.0,9.2,2.3,0.0,3.0,,,,,0.0,0.0,0,406.85,435.75,508.35,45.9,0.57,0.074,-7.4,-33.5,0.23,1.18,0.99,0.307,Buy NSE,406.85,408.1,Skipped (arbitrage took priority),,,,0.0,0.0,,0.0,Neutral,0,1.1,20.5
2026-02-20,ASAHIINDIA.NS,22.2,SELL,Auto,0.0,12.0,8.2,0.0,0.0,4.0,184.88,-80.5,199.2,-79.0,0.0,0.0,0,948.4,972.88,885.44,35.1,-3.03,0.08,-1.3,8.5,0.41,-3.43,2.09,0.09,None,948.4,947.55,None (Neutral Sentiment),,,,0.0,0.0,38.4,0.0,Neutral,0,1.1,20.2
2026-02-20,WELSPUNLIV.NS,21.6,SELL,Textiles,0.0,9.0,10.7,0.0,0.0,3.0,,,,,0.0,0.0,0,136.78,131.87,130.91,62.6,-0.21,0.249,8.9,12.5,0.48,1.0,1.0,0.234,None,136.78,137.1,None (Neutral Sentiment),,,,0.0,0.0,61.4,-0.021,Neutral,5,1.1,19.7
2026-02-20,GMDCLTD.NS,21.6,SELL,Materials,0.0,9.0,10.7,0.0,0.0,3.0,,,384.48,-32.3,0.0,0.0,0,567.6,566.58,490.31,47.9,-4.46,0.202,5.3,33.1,0.86,1.0,1.0,0.044,None,567.6,567.85,None (Neutral Sentiment),,,,0.0,0.0,55.7,0.0,Neutral,0,1.1,19.7
2026-02-20,ACE.NS,21.4,SELL,Others,0.0,9.0,10.5,0.0,0.0,3.0,549.53,-36.4,346.06,-60.0,0.0,0.0,0,864.15,901.33,1059.92,44.2,0.4,0.176,7.1,-15.5,0.74,1.26,0.0,0.081,None,864.15,864.85,None (Neutral Sentiment),,,,0.0,0.0,31.6,0.0,Neutral,3,1.1,19.5
2026-02-20,SAREGAMA.NS,21.4,SELL,Media,0.0,9.0,10.5,0.0,0.0,3.0,,,,,0.0,0.0,0,343.0,348.42,444.03,57.5,1.27,0.129,3.8,-30.7,1.3,0.22,1.35,0.029,None,343.0,342.9,None (Neutral Sentiment),,,,0.0,0.0,42.6,0.0,Neutral,1,1.1,19.5
2026-02-20,KSB.NS,21.4,SELL,Others,0.0,9.0,10.5,0.0,0.0,3.0,233.42,-67.5,172.73,-76.0,0.0,0.0,0,719.25,730.82,791.09,58.5,1.97,0.087,2.1,-11.7,0.46,1.0,1.0,0.035,None,719.25,719.5,None (Neutral Sentiment),,,,0.0,0.0,29.7,0.0,Neutral,0,1.1,19.5
2026-02-20,TRITURBINE.NS,21.4,SELL,Others,0.0,9.0,10.5,0.0,0.0,3.0,,,,,0.0,0.0,0,490.2,508.86,545.86,44.9,0.24,0.141,3.4,-9.8,0.2,1.0,1.0,0.163,None,490.2,491.0,None (Neutral Sentiment),,,,0.0,0.0,32.8,0.0,Neutral,2,1.1,19.5
2026-02-20,IRB.NS,21.4,SELL,Construction,0.0,12.0,7.5,0.0,0.0,4.0,,,,,0.0,0.0,0,40.68,41.74,44.64,47.5,-0.23,0.144,1.5,-10.4,0.62,1.0,1.0,0.0,None,40.68,40.68,None (Neutral Sentiment),,,,0.0,0.0,22.8,0.0,Neutral,2,1.1,19.5
2026-02-20,KAYNES.NS,20.5,SELL,Others,0.0,9.0,9.7,0.0,0.0,3.0,,,,,0.0,0.0,0,3870.9,3837.12,5619.82,62.8,36.0,0.281,9.7,-39.1,0.63,1.2,1.14,0.005,None,3870.9,3870.7,None (Neutral Sentiment),,,,0.0,0.0,64.1,0.0,Neutral,0,1.1,18.7
2026-02-20,INOXINDIA.NS,19.5,STRONG SELL,Others,0.0,9.0,8.7,0.0,0.0,3.0,,,,,0.0,0.0,0,1132.8,1128.31,1167.44,55.7,-0.42,0.104,1.8,-2.1,0.39,0.48,1.1,0.004,None,1132.8,1132.85,None (Neutral Sentiment),,,,0.0,0.0,22.0,0.0,Neutral,2,1.1,17.7
2026-02-20,JBMA.NS,18.1,STRONG SELL,Auto,0.0,9.0,7.5,0.0,0.0,3.0,,,,,0.0,0.0,0,570.45,590.14,639.75,55.1,-0.33,0.145,3.4,-11.9,0.33,1.01,0.47,0.14,None,570.45,569.65,None (Neutral Sentiment),,,,0.0,0.0,42.8,0.0,Neutral,0,1.1,16.5
2026-02-20,JUBLPHARMA.NS,18.1,STRONG SELL,Healthcare,0.0,9.0,4.2,3.3,0.0,3.0,422.71,-51.6,504.86,-42.1,0.0,0.0,0,872.55,1005.9,1081.15,28.6,-4.52,0.151,-9.9,-20.3,0.86,-0.03,33.23,0.436,Buy BSE,872.55,868.75,Skipped (arbitrage took priority),,,,0.0,0.0,,0.0,Neutral,0,1.1,16.5
2026-02-20,J&KBANK.NS,18.1,STRONG SELL,Financials,0.0,9.0,7.5,0.0,0.0,3.0,,,,,0.0,0.0,0,103.57,102.37,103.69,54.8,-0.12,0.043,-3.3,-2.6,0.69,1.0,1.0,0.029,None,103.57,103.6,None (Neutral Sentiment),,,,0.0,0.0,25.3,0.0,Neutral,0,1.1,16.5
2026-02-20,HCLTECH.NS,17.0,STRONG SELL,Technology,0.0,13.0,2.1,0.0,0.4,4.0,941.26,-34.5,609.37,-57.6,0.0,0.1,1,1436.5,1624.76,1561.02,15.5,-17.69,0.27,-15.7,-4.4,0.75,-0.35,1.46,0.038,None,1436.5,1437.05,None (Neutral Sentiment),,,,0.0,0.0,21.2,0.038,Neutral,10,1.1,15.5
2026-02-20,RCF.NS,16.7,STRONG SELL,Chemicals,0.0,9.0,6.2,0.0,0.0,3.0,,,,,0.0,0.0,0,130.0,136.52,145.76,42.2,-0.05,0.077,-0.0,-18.3,0.62,1.0,1.0,0.077,None,130.0,129.9,None (Neutral Sentiment),,,,0.0,0.0,28.5,0.0,Neutral,0,1.1,15.2
2026-02-20,GSPL.NS,16.7,STRONG SELL,Energy,0.0,9.0,6.2,0.0,0.0,3.0,,,297.95,-0.8,0.0,0.0,0,300.4,301.39,310.16,51.2,-0.87,0.073,-0.5,-1.3,0.6,1.0,1.0,0.116,None,300.4,300.75,None (Neutral Sentiment),,,,0.0,0.0,23.2,0.0,Neutral,1,1.1,15.2
2026-02-20,MMTC.NS,16.7,STRONG SELL,Others,0.0,9.0,6.2,0.0,0.0,3.0,,,,,0.0,0.0,0,62.07,63.68,65.6,46.5,-0.41,0.109,-4.4,-6.7,0.24,1.0,1.0,0.081,None,62.07,62.12,None (Neutral Sentiment),,,,0.0,0.0,52.9,0.0,Neutral,0,1.1,15.2
2026-02-20,TRIDENT.NS,16.7,STRONG SELL,Textiles,0.0,9.0,6.2,0.0,0.0,3.0,,,,,0.0,0.0,0,25.53,26.57,28.67,48.5,-0.19,0.169,-2.3,-12.9,0.33,1.0,1.0,0.039,None,25.53,25.54,None (Neutral Sentiment),,,,0.0,0.0,34.8,0.0,Neutral,0,1.1,15.2
2026-02-20,HBLENGINE.NS,14.5,STRONG SELL,Others,0.0,9.0,4.2,0.0,0.0,3.0,444.33,-38.3,215.03,-70.1,0.0,0.0,0,720.35,812.02,761.16,33.8,-1.39,0.151,-0.6,-10.8,0.5,1.0,1.0,0.028,None,720.35,720.55,None (Neutral Sentiment),,,,0.0,0.0,44.7,0.0,Neutral,0,1.1,13.2
2026-02-20,ABBOTINDIA.NS,14.5,STRONG SELL,Healthcare,0.0,9.0,4.2,0.0,0.0,3.0,11096.97,-57.8,5521.74,-79.0,0.0,0.0,0,26295.0,27685.7,30288.6,32.2,-40.63,0.074,-5.2,-21.5,0.96,1.0,1.0,0.12,None,26295.0,26263.35,None (Neutral Sentiment),,,,0.0,0.0,18.2,0.0,Neutral,0,1.1,13.2
2026-02-20,POLYMED.NS,12.2,STRONG SELL,Healthcare,0.0,9.0,2.1,0.0,0.0,3.0,,,,,0.0,0.0,0,1255.8,1621.65,1953.78,36.6,-8.44,0.308,-22.0,-38.0,0.91,1.0,1.0,0.072,None,1255.8,1256.7,None (Neutral Sentiment),,,,0.0,0.0,42.3,0.0,Neutral,1,1.1,11.1
2026-02-20,TCS.NS,12.2,STRONG SELL,Technology,0.0,9.0,2.1,0.0,0.0,3.0,,,,,0.0,0.0,0,2686.2,3085.96,3114.81,17.7,-28.98,0.275,-14.7,-13.6,0.53,-1.79,0.97,0.017,None,2686.2,2686.65,None (Neutral Sentiment),,,,0.0,0.0,25.0,-0.048,Neutral,10,1.1,11.1
2026-02-20,ABLBL.NS,6.8,STRONG SELL,Consumer,0.0,0.0,6.2,0.0,0.0,,,,,,0.0,0.0,0,106.49,116.67,106.49,53.0,-0.09,0.17,-0.0,-27.5,0.3,1.0,1.0,0.132,None,106.49,106.35,None (Neutral Sentiment),,,,0.0,0.0,34.0,0.0,Neutral,0,1.1,6.2
2026-02-20,BANDHANBNK.NS,0.0,REJECT,Financials,0.0,0.0,0.0,0.0,0.0,,,,,,0.0,0.0,0,,,,,,,,,,1.0,1.0,0.0,None,,,None,,,,0.0,0.0,,0.0,Neutral,0,1.0,0.0
2026-02-20,BLUESTARCO.NS,0.0,REJECT,Consumer,0.0,0.0,0.0,0.0,0.0,,,,,,0.0,0.0,0,,,,,,,,,,1.0,1.0,0.0,None,,,None,,,,0.0,0.0,,0.0,Neutral,0,1.0,0.0
2026-02-20,TECHNOE.NS,0.0,REJECT,Construction,0.0,0.0,0.0,0.0,0.0,,,,,,0.0,0.0,0,,,,,,,,,,1.0,1.0,0.0,None,,,None,,,,0.0,0.0,,0.0,Neutral,0,1.0,0.0
2026-02-20,STARHEALTH.NS,0.0,REJECT,Financials,0.0,0.0,0.0,0.0,0.0,,,,,,0.0,0.0,0,,,,,,,,,,1.0,1.0,0.0,None,,,None,,,,0.0,0.0,,0.0,Neutral,0,1.0,0.0
2026-02-20,BOSCHLTD.NS,0.0,REJECT,Auto,0.0,0.0,0.0,0.0,0.0,,,,,,0.0,0.0,0,,,,,,,,,,1.0,1.0,0.0,None,,,None,,,,0.0,0.0,,0.0,Neutral,0,1.0,0.0
2026-02-20,BAJAJHLDNG.NS,0.0,REJECT,Financials,0.0,0.0,0.0,0.0,0.0,,,,,,0.0,0.0,0,,,,,,,,,,1.0,1.0,0.0,None,,,None,,,,0.0,0.0,,0.0,Neutral,0,1.0,0.0
2026-02-20,JSWCEMENT.NS,0.0,REJECT,Construction,0.0,0.0,0.0,0.0,0.0,,,,,,0.0,0.0,0,,,,,,,,,,1.0,1.0,0.0,None,,,None,,,,0.0,0.0,,0.0,Neutral,0,1.0,0.0
2026-02-20,TATATECH.NS,0.0,REJECT,Technology,0.0,0.0,0.0,0.0,0.0,,,,,,0.0,0.0,0,,,,,,,,,,1.0,1.0,0.0,None,,,None,,,,0.0,0.0,,0.0,Neutral,0,1.0,0.0
2026-02-20,SWANCORP.NS,0.0,REJECT,Chemicals,0.0,0.0,0.0,0.0,0.0,,,,,,0.0,0.0,0,,,,,,,,,,1.0,1.0,0.0,None,,,None,,,,0.0,0.0,,0.0,Neutral,0,1.0,0.0
2026-02-20,BAJAJFINSV.NS,0.0,REJECT,Financials,0.0,0.0,0.0,0.0,0.0,,,,,,0.0,0.0,0,,,,,,,,,,1.0,1.0,0.0,None,,,None,,,,0.0,0.0,,0.0,Neutral,0,1.0,0.0
2026-02-20,SWIGGY.NS,0.0,REJECT,Consumer,0.0,0.0,0.0,0.0,0.0,,,,,,0.0,0.0,0,,,,,,,,,,1.0,1.0,0.0,None,,,None,,,,0.0,0.0,,0.0,Neutral,0,1.0,0.0
2026-02-20,BALRAMCHIN.NS,0.0,REJECT,Consumer,0.0,0.0,0.0,0.0,0.0,,,,,,0.0,0.0,0,,,,,,,,,,1.0,1.0,0.0,None,,,None,,,,0.0,0.0,,0.0,Neutral,0,1.0,0.0
2026-02-20,BDL.NS,0.0,REJECT,Others,0.0,0.0,0.0,0.0,0.0,,,,,,0.0,0.0,0,,,,,,,,,,1.0,1.0,0.0,None,,,None,,,,0.0,0.0,,0.0,Neutral,0,1.0,0.0
2026-02-20,BAJFINANCE.NS,0.0,REJECT,Financials,0.0,0.0,0.0,0.0,0.0,,,,,,0.0,0.0,0,,,,,,,,,,1.0,1.0,0.0,None,,,None,,,,0.0,0.0,,0.0,Neutral,0,1.0,0.0
2026-02-20,BAYERCROP.NS,0.0,REJECT,Chemicals,0.0,0.0,0.0,0.0,0.0,,,,,,0.0,0.0,0,,,,,,,,,,1.0,1.0,0.0,None,,,None,,,,0.0,0.0,,0.0,Neutral,0,1.0,0.0
2026-02-20,BATAINDIA.NS,0.0,REJECT,Consumer,0.0,0.0,0.0,0.0,0.0,,,,,,0.0,0.0,0,,,,,,,,,,1.0,1.0,0.0,None,,,None,,,,0.0,0.0,,0.0,Neutral,0,1.0,0.0
2026-02-20,TATAELXSI.NS,0.0,REJECT,Technology,0.0,0.0,0.0,0.0,0.0,,,,,,0.0,0.0,0,,,,,,,,,,1.0,1.0,0.0,None,,,None,,,,0.0,0.0,,0.0,Neutral,0,1.0,0.0
2026-02-20,TATAPOWER.NS,0.0,REJECT,Energy,0.0,0.0,0.0,0.0,0.0,,,,,,0.0,0.0,0,,,,,,,,,,1.0,1.0,0.0,None,,,None,,,,0.0,0.0,,0.0,Neutral,0,1.0,0.0
2026-02-20,NAUKRI.NS,0.0,REJECT,Consumer,0.0,0.0,0.0,0.0,0.0,,,,,,0.0,0.0,0,,,,,,,,,,1.0,1.0,0.0,None,,,None,,,,0.0,0.0,,0.0,Neutral,0,1.0,0.0
2026-02-20,BAJAJ-AUTO.NS,0.0,REJECT,Auto,0.0,0.0,0.0,0.0,0.0,,,,,,0.0,0.0,0,,,,,,,,,,1.0,1.0,0.0,None,,,None,,,,0.0,0.0,,0.0,Neutral,0,1.0,0.0
2026-02-20,TEJASNET.NS,0.0,REJECT,Telecom,0.0,0.0,0.0,0.0,0.0,,,,,,0.0,0.0,0,,,,,,,,,,1.0,1.0,0.0,None,,,None,,,,0.0,0.0,,0.0,Neutral,0,1.0,0.0
2026-02-20,DBREALTY.NS,0.0,REJECT,Consumer,0.0,0.0,0.0,0.0,0.0,,,,,,0.0,0.0,0,,,,,,,,,,1.0,1.0,0.0,None,,,None,,,,0.0,0.0,,0.0,Neutral,0,1.0,0.0
2026-02-20,JUBLFOOD.NS,0.0,REJECT,Consumer,0.0,0.0,0.0,0.0,0.0,,,,,,0.0,0.0,0,,,,,,,,,,1.0,1.0,0.0,None,,,None,,,,0.0,0.0,,0.0,Neutral,0,1.0,0.0
2026-02-20,MANYAVAR.NS,0.0,REJECT,Consumer,0.0,0.0,0.0,0.0,0.0,,,,,,0.0,0.0,0,,,,,,,,,,1.0,1.0,0.0,None,,,None,,,,0.0,0.0,,0.0,Neutral,0,1.0,0.0
2026-02-20,APLLTD.NS,0.0,REJECT,Healthcare,0.0,0.0,0.0,0.0,0.0,,,,,,0.0,0.0,0,,,,,,,,,,1.0,1.0,0.0,None,,,None,,,,0.0,0.0,,0.0,Neutral,0,1.0,0.0
2026-02-20,VMM.NS,0.0,REJECT,Consumer,0.0,0.0,0.0,0.0,0.0,,,,,,0.0,0.0,0,,,,,,,,,,1.0,1.0,0.0,None,,,None,,,,0.0,0.0,,0.0,Neutral,0,1.0,0.0
2026-02-20,VIJAYA.NS,0.0,REJECT,Healthcare,0.0,0.0,0.0,0.0,0.0,,,,,,0.0,0.0,0,,,,,,,,,,1.0,1.0,0.0,None,,,None,,,,0.0,0.0,,0.0,Neutral,0,1.0,0.0
2026-02-20,IDEA.NS,0.0,REJECT,Telecom,0.0,0.0,0.0,0.0,0.0,,,,,,0.0,0.0,0,,,,,,,,,,1.0,1.0,0.0,None,,,None,,,,0.0,0.0,,0.0,Neutral,0,1.0,0.0
2026-02-20,ABSLAMC.NS,0.0,REJECT,Financials,0.0,0.0,0.0,0.0,0.0,,,,,,0.0,0.0,0,,,,,,,,,,1.0,1.0,0.0,None,,,None,,,,0.0,0.0,,0.0,Neutral,0,1.0,0.0
2026-02-20,ABREL.NS,0.0,REJECT,Others,0.0,0.0,0.0,0.0,0.0,,,,,,0.0,0.0,0,,,,,,,,,,1.0,1.0,0.0,None,,,None,,,,0.0,0.0,,0.0,Neutral,0,1.0,0.0
2026-02-20,ABCAPITAL.NS,0.0,REJECT,Financials,0.0,0.0,0.0,0.0,0.0,,,,,,0.0,0.0,0,,,,,,,,,,1.0,1.0,0.0,None,,,None,,,,0.0,0.0,,0.0,Neutral,0,1.0,0.0
2026-02-20,ADANIPOWER.NS,0.0,REJECT,Energy,0.0,0.0,0.0,0.0,0.0,,,,,,0.0,0.0,0,,,,,,,,,,1.0,1.0,0.0,None,,,None,,,,0.0,0.0,,0.0,Neutral,0,1.0,0.0
2026-02-20,ADANIGREEN.NS,0.0,REJECT,Energy,0.0,0.0,0.0,0.0,0.0,,,,,,0.0,0.0,0,,,,,,,,,,1.0,1.0,0.0,None,,,None,,,,0.0,0.0,,0.0,Neutral,0,1.0,0.0
2026-02-20,ADANIENT.NS,0.0,REJECT,Materials,0.0,0.0,0.0,0.0,0.0,,,,,,0.0,0.0,0,,,,,,,,,,1.0,1.0,0.0,None,,,None,,,,0.0,0.0,,0.0,Neutral,0,1.0,0.0
2026-02-20,JINDALSTEL.NS,0.0,REJECT,Materials,0.0,0.0,0.0,0.0,0.0,,,,,,0.0,0.0,0,,,,,,,,,,1.0,1.0,0.0,None,,,None,,,,0.0,0.0,,0.0,Neutral,0,1.0,0.0
2026-02-20,AAVAS.NS,0.0,REJECT,Financials,0.0,0.0,0.0,0.0,0.0,,,,,,0.0,0.0,0,,,,,,,,,,1.0,1.0,0.0,None,,,None,,,,0.0,0.0,,0.0,Neutral,0,1.0,0.0
2026-02-20,JSL.NS,0.0,REJECT,Materials,0.0,0.0,0.0,0.0,0.0,,,,,,0.0,0.0,0,,,,,,,,,,1.0,1.0,0.0,None,,,None,,,,0.0,0.0,,0.0,Neutral,0,1.0,0.0
2026-02-20,AUBANK.NS,0.0,REJECT,Financials,0.0,0.0,0.0,0.0,0.0,,,,,,0.0,0.0,0,,,,,,,,,,1.0,1.0,0.0,None,,,None,,,,0.0,0.0,,0.0,Neutral,0,1.0,0.0
2026-02-20,AMBER.NS,0.0,REJECT,Consumer,0.0,0.0,0.0,0.0,0.0,,,,,,0.0,0.0,0,,,,,,,,,,1.0,1.0,0.0,None,,,None,,,,0.0,0.0,,0.0,Neutral,0,1.0,0.0
2026-02-20,ANANTRAJ.NS,0.0,REJECT,Construction,0.0,0.0,0.0,0.0,0.0,,,,,,0.0,0.0,0,,,,,,,,,,1.0,1.0,0.0,None,,,None,,,,0.0,0.0,,0.0,Neutral,0,1.0,0.0
2026-02-20,ANGELONE.NS,0.0,REJECT,Financials,0.0,0.0,0.0,0.0,0.0,,,,,,0.0,0.0,0,,,,,,,,,,1.0,1.0,0.0,None,,,None,,,,0.0,0.0,,0.0,Neutral,0,1.0,0.0
2026-02-20,TARIL.NS,0.0,REJECT,Others,0.0,0.0,0.0,0.0,0.0,,,,,,0.0,0.0,0,,,,,,,,,,1.0,1.0,0.0,None,,,None,,,,0.0,0.0,,0.0,Neutral,0,1.0,0.0
2026-02-20,THERMAX.NS,0.0,REJECT,Others,0.0,0.0,0.0,0.0,0.0,,,,,,0.0,0.0,0,,,,,,,,,,1.0,1.0,0.0,None,,,None,,,,0.0,0.0,,0.0,Neutral,0,1.0,0.0
2026-02-20,TIMKEN.NS,0.0,REJECT,Others,0.0,0.0,0.0,0.0,0.0,,,,,,0.0,0.0,0,,,,,,,,,,1.0,1.0,0.0,None,,,None,,,,0.0,0.0,,0.0,Neutral,0,1.0,0.0
2026-02-20,BLS.NS,0.0,REJECT,Consumer,0.0,0.0,0.0,0.0,0.0,,,,,,0.0,0.0,0,,,,,,,,,,1.0,1.0,0.0,None,,,None,,,,0.0,0.0,,0.0,Neutral,0,1.0,0.0
2026-02-20,BASF.NS,0.0,REJECT,Chemicals,0.0,0.0,0.0,0.0,0.0,,,,,,0.0,0.0,0,,,,,,,,,,1.0,1.0,0.0,None,,,None,,,,0.0,0.0,,0.0,Neutral,0,1.0,0.0
2026-02-20,JYOTHYLAB.NS,0.0,REJECT,Consumer,0.0,0.0,0.0,0.0,0.0,,,,,,0.0,0.0,0,,,,,,,,,,1.0,1.0,0.0,None,,,None,,,,0.0,0.0,,0.0,Neutral,0,1.0,0.0
2026-02-20,AXISBANK.NS,0.0,REJECT,Financials,0.0,0.0,0.0,0.0,0.0,,,,,,0.0,0.0,0,,,,,,,,,,1.0,1.0,0.0,None,,,None,,,,0.0,0.0,,0.0,Neutral,0,1.0,0.0
2026-02-20,JWL.NS,0.0,REJECT,Others,0.0,0.0,0.0,0.0,0.0,,,,,,0.0,0.0,0,,,,,,,,,,1.0,1.0,0.0,None,,,None,,,,0.0,0.0,,0.0,Neutral,0,1.0,0.0
2026-02-20,ASTRAZEN.NS,0.0,REJECT,Healthcare,0.0,0.0,0.0,0.0,0.0,,,,,,0.0,0.0,0,,,,,,,,,,1.0,1.0,0.0,None,,,None,,,,0.0,0.0,,0.0,Neutral,0,1.0,0.0
2026-02-20,APTUS.NS,0.0,REJECT,Financials,0.0,0.0,0.0,0.0,0.0,,,,,,0.0,0.0,0,,,,,,,,,,1.0,1.0,0.0,None,,,None,,,,0.0,0.0,,0.0,Neutral,0,1.0,0.0
2026-02-20,FIRSTCRY.NS,0.0,REJECT,Consumer,0.0,0.0,0.0,0.0,0.0,,,,,,0.0,0.0,0,,,,,,,,,,1.0,1.0,0.0,None,,,None,,,,0.0,0.0,,0.0,Neutral,0,1.0,0.0
2026-02-20,JSWENERGY.NS,0.0,REJECT,Energy,0.0,0.0,0.0,0.0,0.0,,,,,,0.0,0.0,0,,,,,,,,,,1.0,1.0,0.0,None,,,None,,,,0.0,0.0,,0.0,Neutral,0,1.0,0.0
2026-02-20,UNOMINDA.NS,0.0,REJECT,Auto,0.0,0.0,0.0,0.0,0.0,,,,,,0.0,0.0,0,,,,,,,,,,1.0,1.0,0.0,None,,,None,,,,0.0,0.0,,0.0,Neutral,0,1.0,0.0
2026-02-20,UTIAMC.NS,0.0,REJECT,Financials,0.0,0.0,0.0,0.0,0.0,,,,,,0.0,0.0,0,,,,,,,,,,1.0,1.0,0.0,None,,,None,,,,0.0,0.0,,0.0,Neutral,0,1.0,0.0
2026-02-20,ULTRACEMCO.NS,0.0,REJECT,Construction,0.0,0.0,0.0,0.0,0.0,,,,,,0.0,0.0,0,,,,,,,,,,1.0,1.0,0.0,None,,,None,,,,0.0,0.0,,0.0,Neutral,0,1.0,0.0
2026-02-20,JUBLINGREA.NS,0.0,REJECT,Chemicals,0.0,0.0,0.0,0.0,0.0,,,,,,0.0,0.0,0,,,,,,,,,,1.0,1.0,0.0,None,,,None,,,,0.0,0.0,,0.0,Neutral,0,1.0,0.0
2026-02-20,ASHOKLEY.NS,0.0,REJECT,Others,0.0,0.0,0.0,0.0,0.0,,,,,,0.0,0.0,0,,,,,,,,,,1.0,1.0,0.0,None,,,None,,,,0.0,0.0,,0.0,Neutral,0,1.0,0.0
2026-02-20,BRIGADE.NS,0.0,REJECT,Construction,0.0,0.0,0.0,0.0,0.0,,,,,,0.0,0.0,0,,,,,,,,,,1.0,1.0,0.0,None,,,None,,,,0.0,0.0,,0.0,Neutral,0,1.0,0.0
2026-02-20,SJVN.NS,0.0,REJECT,Energy,0.0,0.0,0.0,0.0,0.0,,,,,,0.0,0.0,0,,,,,,,,,,1.0,1.0,0.0,None,,,None,,,,0.0,0.0,,0.0,Neutral,0,1.0,0.0
2026-02-20,MAPMYINDIA.NS,0.0,REJECT,Technology,0.0,0.0,0.0,0.0,0.0,,,,,,0.0,0.0,0,,,,,,,,,,1.0,1.0,0.0,None,,,None,,,,0.0,0.0,,0.0,Neutral,0,1.0,0.0
2026-02-20,CRISIL.NS,0.0,REJECT,Financials,0.0,0.0,0.0,0.0,0.0,,,,,,0.0,0.0,0,,,,,,,,,,1.0,1.0,0.0,None,,,None,,,,0.0,0.0,,0.0,Neutral,0,1.0,0.0
2026-02-20,HAPPSTMNDS.NS,0.0,REJECT,Technology,0.0,0.0,0.0,0.0,0.0,,,,,,0.0,0.0,0,,,,,,,,,,1.0,1.0,0.0,None,,,None,,,,0.0,0.0,,0.0,Neutral,0,1.0,0.0
2026-02-20,NMDC.NS,0.0,REJECT,Materials,0.0,0.0,0.0,0.0,0.0,,,,,,0.0,0.0,0,,,,,,,,,,1.0,1.0,0.0,None,,,None,,,,0.0,0.0,,0.0,Neutral,0,1.0,0.0
2026-02-20,NSLNISP.NS,0.0,REJECT,Materials,0.0,0.0,0.0,0.0,0.0,,,,,,0.0,0.0,0,,,,,,,,,,1.0,1.0,0.0,None,,,None,,,,0.0,0.0,,0.0,Neutral,0,1.0,0.0
2026-02-20,HDFCLIFE.NS,0.0,REJECT,Financials,0.0,0.0,0.0,0.0,0.0,,,,,,0.0,0.0,0,,,,,,,,,,1.0,1.0,0.0,None,,,None,,,,0.0,0.0,,0.0,Neutral,0,1.0,0.0
2026-02-20,KOTAKBANK.NS,0.0,REJECT,Financials,0.0,0.0,0.0,0.0,0.0,,,,,,0.0,0.0,0,,,,,,,,,,1.0,1.0,0.0,None,,,None,,,,0.0,0.0,,0.0,Neutral,0,1.0,0.0
2026-02-20,KIRLOSENG.NS,0.0,REJECT,Others,0.0,0.0,0.0,0.0,0.0,,,,,,0.0,0.0,0,,,,,,,,,,1.0,1.0,0.0,None,,,None,,,,0.0,0.0,,0.0,Neutral,0,1.0,0.0
2026-02-20,HDFCAMC.NS,0.0,REJECT,Financials,0.0,0.0,0.0,0.0,0.0,,,,,,0.0,0.0,0,,,,,,,,,,1.0,1.0,0.0,None,,,None,,,,0.0,0.0,,0.0,Neutral,0,1.0,0.0
2026-02-20,GRAPHITE.NS,0.0,REJECT,Others,0.0,0.0,0.0,0.0,0.0,,,,,,0.0,0.0,0,,,,,,,,,,1.0,1.0,0.0,None,,,None,,,,0.0,0.0,,0.0,Neutral,0,1.0,0.0
2026-02-20,GRANULES.NS,0.0,REJECT,Healthcare,0.0,0.0,0.0,0.0,0.0,,,,,,0.0,0.0,0,,,,,,,,,,1.0,1.0,0.0,None,,,None,,,,0.0,0.0,,0.0,Neutral,0,1.0,0.0
2026-02-20,GODREJIND.NS,0.0,REJECT,Others,0.0,0.0,0.0,0.0,0.0,,,,,,0.0,0.0,0,,,,,,,,,,1.0,1.0,0.0,None,,,None,,,,0.0,0.0,,0.0,Neutral,0,1.0,0.0
2026-02-20,NUVAMA.NS,0.0,REJECT,Financials,0.0,0.0,0.0,0.0,0.0,,,,,,0.0,0.0,0,,,,,,,,,,1.0,1.0,0.0,None,,,None,,,,0.0,0.0,,0.0,Neutral,0,1.0,0.0
2026-02-20,GODREJCP.NS,0.0,REJECT,Consumer,0.0,0.0,0.0,0.0,0.0,,,,,,0.0,0.0,0,,,,,,,,,,1.0,1.0,0.0,None,,,None,,,,0.0,0.0,,0.0,Neutral,0,1.0,0.0
2026-02-20,OLECTRA.NS,0.0,REJECT,Auto,0.0,0.0,0.0,0.0,0.0,,,,,,0.0,0.0,0,,,,,,,,,,1.0,1.0,0.0,None,,,None,,,,0.0,0.0,,0.0,Neutral,0,1.0,0.0
2026-02-20,PAYTM.NS,0.0,REJECT,Financials,0.0,0.0,0.0,0.0,0.0,,,,,,0.0,0.0,0,,,,,,,,,,1.0,1.0,0.0,None,,,None,,,,0.0,0.0,,0.0,Neutral,0,1.0,0.0
2026-02-20,KFINTECH.NS,0.0,REJECT,Financials,0.0,0.0,0.0,0.0,0.0,,,,,,0.0,0.0,0,,,,,,,,,,1.0,1.0,0.0,None,,,None,,,,0.0,0.0,,0.0,Neutral,0,1.0,0.0
2026-02-20,GMRAIRPORT.NS,0.0,REJECT,Others,0.0,0.0,0.0,0.0,0.0,,,,,,0.0,0.0,0,,,,,,,,,,1.0,1.0,0.0,None,,,None,,,,0.0,0.0,,0.0,Neutral,0,1.0,0.0
2026-02-20,PNBHOUSING.NS,0.0,REJECT,Financials,0.0,0.0,0.0,0.0,0.0,,,,,,0.0,0.0,0,,,,,,,,,,1.0,1.0,0.0,None,,,None,,,,0.0,0.0,,0.0,Neutral,0,1.0,0.0
2026-02-20,HEROMOTOCO.NS,0.0,REJECT,Auto,0.0,0.0,0.0,0.0,0.0,,,,,,0.0,0.0,0,,,,,,,,,,1.0,1.0,0.0,None,,,None,,,,0.0,0.0,,0.0,Neutral,0,1.0,0.0
2026-02-20,MUTHOOTFIN.NS,0.0,REJECT,Financials,0.0,0.0,0.0,0.0,0.0,,,,,,0.0,0.0,0,,,,,,,,,,1.0,1.0,0.0,None,,,None,,,,0.0,0.0,,0.0,Neutral,0,1.0,0.0
2026-02-20,HONASA.NS,0.0,REJECT,Consumer,0.0,0.0,0.0,0.0,0.0,,,,,,0.0,0.0,0,,,,,,,,,,1.0,1.0,0.0,None,,,None,,,,0.0,0.0,,0.0,Neutral,0,1.0,0.0
2026-02-20,M&MFIN.NS,0.0,REJECT,Financials,0.0,0.0,0.0,0.0,0.0,,,,,,0.0,0.0,0,,,,,,,,,,1.0,1.0,0.0,None,,,None,,,,0.0,0.0,,0.0,Neutral,0,1.0,0.0
2026-02-20,KIMS.NS,0.0,REJECT,Healthcare,0.0,0.0,0.0,0.0,0.0,,,,,,0.0,0.0,0,,,,,,,,,,1.0,1.0,0.0,None,,,None,,,,0.0,0.0,,0.0,Neutral,0,1.0,0.0
2026-02-20,INDUSINDBK.NS,0.0,REJECT,Financials,0.0,0.0,0.0,0.0,0.0,,,,,,0.0,0.0,0,,,,,,,,,,1.0,1.0,0.0,None,,,None,,,,0.0,0.0,,0.0,Neutral,0,1.0,0.0
2026-02-20,IEX.NS,0.0,REJECT,Financials,0.0,0.0,0.0,0.0,0.0,,,,,,0.0,0.0,0,,,,,,,,,,1.0,1.0,0.0,None,,,None,,,,0.0,0.0,,0.0,Neutral,0,1.0,0.0
2026-02-20,LTTS.NS,0.0,REJECT,Technology,0.0,0.0,0.0,0.0,0.0,,,,,,0.0,0.0,0,,,,,,,,,,1.0,1.0,0.0,None,,,None,,,,0.0,0.0,,0.0,Neutral,0,1.0,0.0
2026-02-20,LLOYDSME.NS,0.0,REJECT,Materials,0.0,0.0,0.0,0.0,0.0,,,,,,0.0,0.0,0,,,,,,,,,,1.0,1.0,0.0,None,,,None,,,,0.0,0.0,,0.0,Neutral,0,1.0,0.0
2026-02-20,LTF.NS,0.0,REJECT,Financials,0.0,0.0,0.0,0.0,0.0,,,,,,0.0,0.0,0,,,,,,,,,,1.0,1.0,0.0,None,,,None,,,,0.0,0.0,,0.0,Neutral,0,1.0,0.0
2026-02-20,MGL.NS,0.0,REJECT,Energy,0.0,0.0,0.0,0.0,0.0,,,,,,0.0,0.0,0,,,,,,,,,,1.0,1.0,0.0,None,,,None,,,,0.0,0.0,,0.0,Neutral,0,1.0,0.0
2026-02-20,ITI.NS,0.0,REJECT,Telecom,0.0,0.0,0.0,0.0,0.0,,,,,,0.0,0.0,0,,,,,,,,,,1.0,1.0,0.0,None,,,None,,,,0.0,0.0,,0.0,Neutral,0,1.0,0.0
2026-02-20,HUDCO.NS,0.0,REJECT,Financials,0.0,0.0,0.0,0.0,0.0,,,,,,0.0,0.0,0,,,,,,,,,,1.0,1.0,0.0,None,,,None,,,,0.0,0.0,,0.0,Neutral,0,1.0,0.0
2026-02-20,MANKIND.NS,0.0,REJECT,Healthcare,0.0,0.0,0.0,0.0,0.0,,,,,,0.0,0.0,0,,,,,,,,,,1.0,1.0,0.0,None,,,None,,,,0.0,0.0,,0.0,Neutral,0,1.0,0.0
2026-02-20,IRCON.NS,0.0,REJECT,Construction,0.0,0.0,0.0,0.0,0.0,,,,,,0.0,0.0,0,,,,,,,,,,1.0,1.0,0.0,None,,,None,,,,0.0,0.0,,0.0,Neutral,0,1.0,0.0
2026-02-20,IFCI.NS,0.0,REJECT,Financials,0.0,0.0,0.0,0.0,0.0,,,,,,0.0,0.0,0,,,,,,,,,,1.0,1.0,0.0,None,,,None,,,,0.0,0.0,,0.0,Neutral,0,1.0,0.0
2026-02-20,MAXHEALTH.NS,0.0,REJECT,Healthcare,0.0,0.0,0.0,0.0,0.0,,,,,,0.0,0.0,0,,,,,,,,,,1.0,1.0,0.0,None,,,None,,,,0.0,0.0,,0.0,Neutral,0,1.0,0.0
2026-02-20,METROPOLIS.NS,0.0,REJECT,Healthcare,0.0,0.0,0.0,0.0,0.0,,,,,,0.0,0.0,0,,,,,,,,,,1.0,1.0,0.0,None,,,None,,,,0.0,0.0,,0.0,Neutral,0,1.0,0.0
2026-02-20,MINDACORP.NS,0.0,REJECT,Auto,0.0,0.0,0.0,0.0,0.0,,,,,,0.0,0.0,0,,,,,,,,,,1.0,1.0,0.0,None,,,None,,,,0.0,0.0,,0.0,Neutral,0,1.0,0.0
2026-02-20,MOTILALOFS.NS,0.0,REJECT,Financials,0.0,0.0,0.0,0.0,0.0,,,,,,0.0,0.0,0,,,,,,,,,,1.0,1.0,0.0,None,,,None,,,,0.0,0.0,,0.0,Neutral,0,1.0,0.0
2026-02-20,PIIND.NS,0.0,REJECT,Chemicals,0.0,0.0,0.0,0.0,0.0,,,,,,0.0,0.0,0,,,,,,,,,,1.0,1.0,0.0,None,,,None,,,,0.0,0.0,,0.0,Neutral,0,1.0,0.0
2026-02-20,FIVESTAR.NS,0.0,REJECT,Financials,0.0,0.0,0.0,0.0,0.0,,,,,,0.0,0.0,0,,,,,,,,,,1.0,1.0,0.0,None,,,None,,,,0.0,0.0,,0.0,Neutral,0,1.0,0.0
2026-02-20,PAGEIND.NS,0.0,REJECT,Textiles,0.0,0.0,0.0,0.0,0.0,,,,,,0.0,0.0,0,,,,,,,,,,1.0,1.0,0.0,None,,,None,,,,0.0,0.0,,0.0,Neutral,0,1.0,0.0
2026-02-20,CLEAN.NS,0.0,REJECT,Chemicals,0.0,0.0,0.0,0.0,0.0,,,,,,0.0,0.0,0,,,,,,,,,,1.0,1.0,0.0,None,,,None,,,,0.0,0.0,,0.0,Neutral,0,1.0,0.0
2026-02-20,SBILIFE.NS,0.0,REJECT,Financials,0.0,0.0,0.0,0.0,0.0,,,,,,0.0,0.0,0,,,,,,,,,,1.0,1.0,0.0,None,,,None,,,,0.0,0.0,,0.0,Neutral,0,1.0,0.0
2026-02-20,LATENTVIEW.NS,0.0,REJECT,Technology,0.0,0.0,0.0,0.0,0.0,,,,,,0.0,0.0,0,,,,,,,,,,1.0,1.0,0.0,None,,,None,,,,0.0,0.0,,0.0,Neutral,0,1.0,0.0
2026-02-20,CONCORDBIO.NS,0.0,REJECT,Healthcare,0.0,0.0,0.0,0.0,0.0,,,,,,0.0,0.0,0,,,,,,,,,,1.0,1.0,0.0,None,,,None,,,,0.0,0.0,,0.0,Neutral,0,1.0,0.0
2026-02-20,CAMS.NS,0.0,REJECT,Financials,0.0,0.0,0.0,0.0,0.0,,,,,,0.0,0.0,0,,,,,,,,,,1.0,1.0,0.0,None,,,None,,,,0.0,0.0,,0.0,Neutral,0,1.0,0.0
2026-02-20,COHANCE.NS,0.0,REJECT,Healthcare,0.0,0.0,0.0,0.0,0.0,,,,,,0.0,0.0,0,,,,,,,,,,1.0,1.0,0.0,None,,,None,,,,0.0,0.0,,0.0,Neutral,0,1.0,0.0
2026-02-20,COALINDIA.NS,0.0,REJECT,Energy,0.0,0.0,0.0,0.0,0.0,,,,,,0.0,0.0,0,,,,,,,,,,1.0,1.0,0.0,None,,,None,,,,0.0,0.0,,0.0,Neutral,0,1.0,0.0
2026-02-20,SAPPHIRE.NS,0.0,REJECT,Consumer,0.0,0.0,0.0,0.0,0.0,,,,,,0.0,0.0,0,,,,,,,,,,1.0,1.0,0.0,None,,,None,,,,0.0,0.0,,0.0,Neutral,0,1.0,0.0
2026-02-20,CIPLA.NS,0.0,REJECT,Healthcare,0.0,0.0,0.0,0.0,0.0,,,,,,0.0,0.0,0,,,,,,,,,,1.0,1.0,0.0,None,,,None,,,,0.0,0.0,,0.0,Neutral,0,1.0,0.0
2026-02-20,KALYANKJIL.NS,0.0,REJECT,Consumer,0.0,0.0,0.0,0.0,0.0,,,,,,0.0,0.0,0,,,,,,,,,,1.0,1.0,0.0,None,,,None,,,,0.0,0.0,,0.0,Neutral,0,1.0,0.0
2026-02-20,SARDAEN.NS,0.0,REJECT,Materials,0.0,0.0,0.0,0.0,0.0,,,,,,0.0,0.0,0,,,,,,,,,,1.0,1.0,0.0,None,,,None,,,,0.0,0.0,,0.0,Neutral,0,1.0,0.0
2026-02-20,CHOLAFIN.NS,0.0,REJECT,Financials,0.0,0.0,0.0,0.0,0.0,,,,,,0.0,0.0,0,,,,,,,,,,1.0,1.0,0.0,None,,,None,,,,0.0,0.0,,0.0,Neutral,0,1.0,0.0
2026-02-20,CENTURYPLY.NS,0.0,REJECT,Consumer,0.0,0.0,0.0,0.0,0.0,,,,,,0.0,0.0,0,,,,,,,,,,1.0,1.0,0.0,None,,,None,,,,0.0,0.0,,0.0,Neutral,0,1.0,0.0
2026-02-20,SHRIRAMFIN.NS,0.0,REJECT,Financials,0.0,0.0,0.0,0.0,0.0,,,,,,0.0,0.0,0,,,,,,,,,,1.0,1.0,0.0,None,,,None,,,,0.0,0.0,,0.0,Neutral,0,1.0,0.0
2026-02-20,SHYAMMETL.NS,0.0,REJECT,Others,0.0,0.0,0.0,0.0,0.0,,,,,,0.0,0.0,0,,,,,,,,,,1.0,1.0,0.0,None,,,None,,,,0.0,0.0,,0.0,Neutral,0,1.0,0.0
2026-02-20,CAPLIPOINT.NS,0.0,REJECT,Healthcare,0.0,0.0,0.0,0.0,0.0,,,,,,0.0,0.0,0,,,,,,,,,,1.0,1.0,0.0,None,,,None,,,,0.0,0.0,,0.0,Neutral,0,1.0,0.0
2026-02-20,CAMPUS.NS,0.0,REJECT,Consumer,0.0,0.0,0.0,0.0,0.0,,,,,,0.0,0.0,0,,,,,,,,,,1.0,1.0,0.0,None,,,None,,,,0.0,0.0,,0.0,Neutral,0,1.0,0.0
2026-02-20,KAJARIACER.NS,0.0,REJECT,Consumer,0.0,0.0,0.0,0.0,0.0,,,,,,0.0,0.0,0,,,,,,,,,,1.0,1.0,0.0,None,,,None,,,,0.0,0.0,,0.0,Neutral,0,1.0,0.0
2026-02-20,DEEPAKNTR.NS,0.0,REJECT,Chemicals,0.0,0.0,0.0,0.0,0.0,,,,,,0.0,0.0,0,,,,,,,,,,1.0,1.0,0.0,None,,,None,,,,0.0,0.0,,0.0,Neutral,0,1.0,0.0
2026-02-20,PATANJALI.NS,0.0,REJECT,Consumer,0.0,0.0,0.0,0.0,0.0,,,,,,0.0,0.0,0,,,,,,,,,,1.0,1.0,0.0,None,,,None,,,,0.0,0.0,,0.0,Neutral,0,1.0,0.0
2026-02-20,EXIDEIND.NS,0.0,REJECT,Auto,0.0,0.0,0.0,0.0,0.0,,,,,,0.0,0.0,0,,,,,,,,,,1.0,1.0,0.0,None,,,None,,,,0.0,0.0,,0.0,Neutral,0,1.0,0.0
2026-02-20,FSL.NS,0.0,REJECT,Others,0.0,0.0,0.0,0.0,0.0,,,,,,0.0,0.0,0,,,,,,,,,,1.0,1.0,0.0,None,,,None,,,,0.0,0.0,,0.0,Neutral,0,1.0,0.0
2026-02-20,FINCABLES.NS,0.0,REJECT,Others,0.0,0.0,0.0,0.0,0.0,,,,,,0.0,0.0,0,,,,,,,,,,1.0,1.0,0.0,None,,,None,,,,0.0,0.0,,0.0,Neutral,0,1.0,0.0
2026-02-20,KEC.NS,0.0,REJECT,Construction,0.0,0.0,0.0,0.0,0.0,,,,,,0.0,0.0,0,,,,,,,,,,1.0,1.0,0.0,None,,,None,,,,0.0,0.0,,0.0,Neutral,0,1.0,0.0
2026-02-20,FEDERALBNK.NS,0.0,REJECT,Financials,0.0,0.0,0.0,0.0,0.0,,,,,,0.0,0.0,0,,,,,,,,,,1.0,1.0,0.0,None,,,None,,,,0.0,0.0,,0.0,Neutral,0,1.0,0.0
2026-02-20,PPLPHARMA.NS,0.0,REJECT,Healthcare,0.0,0.0,0.0,0.0,0.0,,,,,,0.0,0.0,0,,,,,,,,,,1.0,1.0,0.0,None,,,None,,,,0.0,0.0,,0.0,Neutral,0,1.0,0.0
2026-02-20,NYKAA.NS,0.0,REJECT,Consumer,0.0,0.0,0.0,0.0,0.0,,,,,,0.0,0.0,0,,,,,,,,,,1.0,1.0,0.0,None,,,None,,,,0.0,0.0,,0.0,Neutral,0,1.0,0.0
2026-02-20,POONAWALLA.NS,0.0,REJECT,Financials,0.0,0.0,0.0,0.0,0.0,,,,,,0.0,0.0,0,,,,,,,,,,1.0,1.0,0.0,None,,,None,,,,0.0,0.0,,0.0,Neutral,0,1.0,0.0
2026-02-20,ERIS.NS,0.0,REJECT,Healthcare,0.0,0.0,0.0,0.0,0.0,,,,,,0.0,0.0,0,,,,,,,,,,1.0,1.0,0.0,None,,,None,,,,0.0,0.0,,0.0,Neutral,0,1.0,0.0
2026-02-20,RKFORGE.NS,0.0,REJECT,Auto,0.0,0.0,0.0,0.0,0.0,,,,,,0.0,0.0,0,,,,,,,,,,1.0,1.0,0.0,None,,,None,,,,0.0,0.0,,0.0,Neutral,0,1.0,0.0
2026-02-20,PGHH.NS,0.0,REJECT,Consumer,0.0,0.0,0.0,0.0,0.0,,,,,,0.0,0.0,0,,,,,,,,,,1.0,1.0,0.0,None,,,None,,,,0.0,0.0,,0.0,Neutral,0,1.0,0.0
2026-02-20,EIDPARRY.NS,0.0,REJECT,Consumer,0.0,0.0,0.0,0.0,0.0,,,,,,0.0,0.0,0,,,,,,,,,,1.0,1.0,0.0,None,,,None,,,,0.0,0.0,,0.0,Neutral,0,1.0,0.0
2026-02-20,LALPATHLAB.NS,0.0,REJECT,Healthcare,0.0,0.0,0.0,0.0,0.0,,,,,,0.0,0.0,0,,,,,,,,,,1.0,1.0,0.0,None,,,None,,,,0.0,0.0,,0.0,Neutral,0,1.0,0.0
2026-02-20,PNB.NS,0.0,REJECT,Financials,0.0,0.0,0.0,0.0,0.0,,,,,,0.0,0.0,0,,,,,,,,,,1.0,1.0,0.0,None,,,None,,,,0.0,0.0,,0.0,Neutral,0,1.0,0.0
2026-02-20,RITES.NS,0.0,REJECT,Construction,0.0,0.0,0.0,0.0,0.0,,,,,,0.0,0.0,0,,,,,,,,,,1.0,1.0,0.0,None,,,None,,,,0.0,0.0,,0.0,Neutral,0,1.0,0.0
2026-02-20,DEVYANI.NS,0.0,REJECT,Consumer,0.0,0.0,0.0,0.0,0.0,,,,,,0.0,0.0,0,,,,,,,,,,1.0,1.0,0.0,None,,,None,,,,0.0,0.0,,0.0,Neutral,0,1.0,0.0
2026-02-20,RAINBOW.NS,0.0,REJECT,Healthcare,0.0,0.0,0.0,0.0,0.0,,,,,,0.0,0.0,0,,,,,,,,,,1.0,1.0,0.0,None,,,None,,,,0.0,0.0,,0.0,Neutral,0,1.0,0.0
2026-02-20,RBLBANK.NS,0.0,REJECT,Financials,0.0,0.0,0.0,0.0,0.0,,,,,,0.0,0.0,0,,,,,,,,,,1.0,1.0,0.0,None,,,None,,,,0.0,0.0,,0.0,Neutral,0,1.0,0.0
